id,Pattern/Color/Print,Detail,Material,Finish/Effect,Length,Collar,Neck,Design/Silhouette,Hood,Sleeves,Hem
20934097,light beige,"layered design, padded panels, quilted panels, throat latch, epaulettes, belted cuffs, belted waist, side press-stud fastening, inverted pleat",wool,None,mid-length,rounded collar,funnel neck,"double-breasted, concealed front fastening",None,long sleeves,straight hem
18958106,navy blue,padded design,"virgin wool blend, feather down",cuff zips,None,high neck,None,None,drawstring hood,long sleeves,None
17915246,navy blue,logo patch,virgin wool blend,None,mid-length,notched collar,V-neck,single-breasted,None,long sleeves,None
18658922,brown,embossed gold-tone buttons,wool,None,above-knee,wide notch lapels,None,fitted waistline,None,long,straight
21256100,charcoal grey,peak lapels,cashmere,faux double-breasted front,mid-calf length,peak lapels,None,None,None,long sleeves,straight hem
21119012,brown and black,quilted,None,None,None,None,V-neck,layered design,None,sleeveless,straight hem
20472162,light beige,patterned jacquard,mohair-wool blend,striped border,long,None,high neck,cape,None,None,fringed edge
20471984,light beige,padded design,feather down,press-stud fastening,calf-length,stand-up collar,None,classic hood,classic hood,long sleeves,straight hem
19414491,Elephant grey,shawl lapels,wool-cashmere blend,None,None,shawl lapels,None,None,None,long sleeves,None
19537795,camel brown,gold-tone hardware,cotton,None,mid-length,classic collar,None,double-breasted trench coat,None,long sleeves,rear slit
19948608,navy blue,double-breasted button fastening,wool blend,full lining,None,spread collar,None,peacoat,None,long sleeves,straight hem
20703174,amethyst purple,"notched lapels, front button fastening, chest welt pocket, two side flap pockets, American rear vent",wool,None,None,notched lapels,None,single-breasted,None,long sleeves,straight hem
20532564,black,logo patch at the sleeve,None,high-shine finish,mid-length,None,None,padded design,drawstring hood,long sleeves,straight hem
19352493,White/pollen,fringe detailing,virgin wool,None,None,None,V-neck,belted coat,None,long sleeves,None
18849197,navy blue,"Vintage Check-pattern lining, epaulettes, storm flap",cotton,None,None,spread collar,hook and eye fastening,double-breasted trench coat,None,"long sleeves, belted cuffs",central rear vent
20527841,light beige,"drawstring cuffs, two side inset pockets, drawstring hem",None,front zip fastening,None,None,None,classic,hood,long sleeves,drawstring hem
19724871,"navy blue, dark green","logo patch, drawstring, press-stud fastening, chest patch pocket, front patch pockets","goose down, down-feather","panelled, quilted",None,None,None,None,drawstring hood,long sleeves,curved hem
20946246,black,belted waist,"camel hair, wool blend",None,below-knee,notched lapels,None,single-breasted,None,None,straight hem
21114302,beige,reversible,cashmere,None,None,notched lapels,None,single-breasted,None,long sleeves,straight hem
18991003,black,logo patch at the sleeve,duck feather,padded design,None,None,None,None,adjustable hood,long sleeves,None
20308563,multicolour,all-over graphic print,None,padded design,None,None,funnel neck,None,classic hood,long sleeves,None
18378865,black,panelled design,leather,None,mid-length,notched lapels,None,Longline,None,long sleeves,straight hem
20238042,beige,"jetted chest pocket, two side flap pockets",cashmere,None,None,peak lapels,None,double-breasted,None,long sleeves,straight hem
16827307,Blue,down-feather filling,down-feather,None,mid-length,None,None,None,None,long sleeves,None
20515521,dark grey,knitted panels,"alpaca, virgin wool, cashmere",None,None,classic lapels,None,double-breasted coat,None,long sleeves,straight hem
17783516,black,belted,None,None,None,classic collar,None,trench coat,detachable hood,long sleeves,straight hem
20112796,brown,quilted,faux-fur,None,calf-length,collarless,V-neck,open front,None,long sleeves,None
20542814,black,quilted panels,wool-cashmere blend,fringed edge,None,None,funnel neck,cape,None,dolman sleeves,None
20514656,black,padded,down-feather filling,None,knee-length,None,drawstring hood,puffer,drawstring hood,"long sleeves, ribbed cuffs",curved hem
15951191,Brown,shearling trim,sheepskin/shearling,None,mid-length,classic collar,None,None,None,long sleeves,None
20878004,light beige,patchwork design,"nappa leather, shearling",None,knee-length,wide notch lapels,None,drop shoulder,None,long sleeves,front slit
20849911,black,logo patch to the front,"['duck down', 'duck feather']",quilted,None,None,None,parka,classic hood,long sleeves,straight hem
20045170,"blue, multicolour, all-over graphic print",belted waist,stretch-silk,None,floor-length,None,None,cape,None,three-quarter length sleeves,None
17404428,Beige,Vintage Check-pattern lining,cotton gabardine,None,mid-length,spread collar,None,trench coat,None,long sleeves,central rear vent
21003439,navy blue,"serial number print at the heel, wide notch lapels, faux double-breasted front, belt loops, two front patch pockets, central rear vent",wool blend,faux double-breasted,mid-length,wide notch lapels,None,belted midi coat,None,long sleeves,straight hem
14179801,Beige,RWB stripe,cotton twill,waterproof,mid-length,classic collar,None,raglan-sleeve trench overcoat,None,long sleeves,None
21284285,fine check pattern,gold-tone buttons,cotton,None,below-knee length,ribbed band collar,None,single breasted,None,None,central rear vent
16063225,Black,floral-lace detailing,cotton/wool blend,None,mid-length,wide notch lapels,None,flared,None,None,None
19760361,butter yellow,peak lapels,virgin wool-cashmere blend,None,None,peak lapels,None,double-breasted coat,None,long sleeves,straight hem
19907590,black,panelled design,lambskin,None,knee-length,None,high neck,double-breasted,None,long sleeves,central rear vent
20127211,black,belted waist,cotton,padded design,mid-length,classic collar,None,oversized,None,long sleeves,straight hem
20086975,walnut brown,knitted panels,goatskin,None,None,None,high neck,belted-waist,None,half-length sleeves,straight hem
16383428,light beige,"layered design, padded panels, quilted panels, throat latch, epaulettes, belted cuffs, belted waist, two side welt pockets, side press-stud fastening, inverted pleat",wool,None,mid-length,rounded collar,funnel neck,"double-breasted button fastening, concealed front fastening",None,long sleeves,straight hem
20702832,"['battleship grey', 'black']",drawstring hood,None,gold-tone hardware,None,None,None,zip-up parka coat,drawstring hood,long sleeves,rear curved hem
21026589,rose pink,belted waist,virgin wool,None,mid-length,wide notch lapels,None,trench coat,None,long sleeves,straight hem
18945217,beige,epaulettes,wool-cotton blend,None,ankle-length,classic collar,None,Oversized belted trench coat,None,long sleeves,None
19989550,black,padded design,duck down,None,None,notched lapels,high neck,double-breasted,None,long sleeves,straight hem
19618701,black/white,puff shoulders,wool blend,None,mid-calf,notched lapels,None,double-breasted,None,long sleeves,None
21014044,black,padded design,goose down,recycled or upcycled materials,None,None,None,None,classic hood,long sleeves,straight hem
18811482,beige,Vintage Check-pattern lining,wool,None,None,notched lapels,None,reversible,None,long sleeves,straight hem
20889352,black,logo patch to the rear,wool blend,None,knee-length,notched lapels,None,trench coat,None,long sleeves,straight hem
19284653,black,belted waist,None,"crinkled finish, matte finish",mid-length,notched lapels,None,belted trench coat,None,long sleeves,None
20645840,black,quilted,goose down,None,None,None,funnel neck,None,classic hood,long sleeves,straight hem
18936541,black,epaulettes,cotton,None,Long,classic collar,None,Kensington Heritage trench coat,None,long sleeves,None
18759129,navy blue,raw-cut hem,wool,None,None,notched lapels,None,single-breasted,None,long sleeves,straight hem
19349640,"black/green, light pink","chevron stitching, shearling trim","virgin wool blend, goat hair",None,None,notched collar,None,double-breasted,None,long sleeves,straight hem
18872743,"yellow, brown",snakeskin effect,None,snakeskin effect,mid-calf length,peak lapels,None,None,None,long sleeves,straight hem
18914281,black,logo patch at the sleeve,feather down,padded design,None,None,None,None,detachable hood,long sleeves,None
21089664,black,"front button fastening, buttoned cuffs, two front flap pockets","wool blend, cotton",None,above-knee,notched lapels,None,single-breasted,None,long sleeves,straight hem
18495945,black,crystal embellishment,None,metallic effect,long,notched collar,None,double-breasted,None,long sleeves,None
17215809,Black,"Vintage Check-pattern lining, storm flap, epaulettes, central rear vent",cotton gabardine,None,None,notched collar,None,trench coat,None,long sleeves,None
19975098,"leopard-jacquard, chocolate brown, black","shoulder pads, buttoned cuffs, chest welt pocket","recycled wool, recycled polyester",patterned jacquard,mid-length,notched lapels,None,long coat,None,long sleeves,straight hem
21283518,"black/white, herringbone pattern","two front flap pockets, rear slit",recycled wool blend,None,None,spread collar,None,single-breasted coat,None,long sleeves,straight hem
18370349,black,padded design,None,None,long length,None,high neck,puffer coat,None,long sleeves,None
18171564,Khaki,belted waist,cotton,None,mid-length,notched lapels,None,KINTORE trench coat,None,long sleeves,None
20152731,black,logo print at the chest,duck feather,padded,None,None,funnel neck,drawstring-waist,classic hood,long sleeves,None
20938919,light green,layered details,None,None,None,classic collar,None,asymmetric trench coat,None,long sleeves,asymmetric hem
19998964,"medium grey, dark grey","contrasting border, fringed edge",wool,None,None,None,open front,cape,None,None,handkerchief hem
21288763,ecru,tonal stitching,None,None,mid-length,shawl lapels,None,single-breasted,None,long sleeves,straight hem
18995943,blue,logo patch,virgin wool blend,embossed gold-tone buttons,None,notched lapels,None,double-breasted,None,long sleeves,straight hem
18768527,jet black,logo patch at the chest,cotton blend,None,None,spread collar,None,trench coat,None,long sleeves,None
20874382,"cedar brown, houndstooth pattern","double-breasted, mock neck, chest welt pocket, two front flap pockets, drop shoulder, buttoned cuffs, American rear vent",cotton-wool blend,None,mid-calf length,None,mock neck,double-breasted,None,"long sleeves, buttoned cuffs",straight hem
18664836,black,embossed gold-tone buttons,None,None,None,classic collar,None,single-breasted button-up,None,long sleeves,straight hem
16665133,navy-blue,notched lapels,virgin wool/cashmere blend,None,below-knee length,notched lapels,None,double-breasted,None,long sleeves,central rear vent
18654005,black,logo patch to the front,feather down,"padded design, quilted",long,high neck,high neck,puffer parka,detachable hood,ribbed cuffs,side slits
20112880,black,gold-tone hardware,virgin wool-cashmere blend,None,mid-calf,notched lapels,None,belted,None,long sleeves,central rear vent
20085440,ecru,pleat detailing,None,None,None,notched lapels,None,A-line flared design,None,long sleeves,central rear vent
20929207,black,"double-breasted, notched lapels, shoulder pads, chest welt pocket, two front flap pockets, buttoned cuffs",virgin wool,None,knee-length,notched lapels,None,straight,None,long sleeves,straight hem
20889274,navy blue,logo-debossed buttons,virgin wool blend,None,None,notched lapels,V-neck,double-breasted peacoat,None,long sleeves,straight hem
16112877,Honey,checked lining,cotton,None,None,classic collar,None,The Pimlico Heritage Car coat,None,long sleeves,central rear vent
19018588,black,logo patch at the sleeve,duck feather,padded design,straight hem,None,None,None,classic hood,ribbed cuffs,straight hem
18600125,black,quilted,cotton blend,padded,long,None,None,puffer coat,drawstring hood,long sleeves,straight hem
18847318,navy blue,double-breasted button fastening,wool,None,None,classic lapels,None,fitted,None,long sleeves,None
20847767,jet black,buttoned cuffs,shearling,None,mid-calf length,notched lapels,None,None,None,long sleeves,straight hem
19350674,black,diamond quilting,leather,logo plaque,mid-length,classic collar,None,trench-coat,None,long sleeves,None
17848483,black,logo patch at the sleeve,down-feather filling,"wind-resistant, reflective detailing",None,None,funnel neck,parka coat,drawstring hood,long sleeves,None
20544259,blush beige,quilted panels,wool-cashmere blend,down-feather filling,None,None,funnel neck,cape,None,dolman sleeves,fringed edge
20142504,charcoal grey,silver-tone logo plaque,None,full lining,long length,notched lapels,None,double-breasted long-length coat,None,"long sleeves, split cuffs","straight hem, central rear vent"
20249530,beige,shoulder pads,wool,double-breasted,None,peak lapels,None,straight hem,None,buttoned cuffs,straight hem
21339456,ivory white,belted waist,cashmere,None,calf-length,notched collar,None,single-breasted,None,long sleeves,central rear vent
20842840,camel brown,reversible,virgin wool blend,None,None,notched lapels,None,belted-waist coat,None,long sleeves,straight hem
19381775,taupe brown,belted waist,goose down,quilted,None,None,None,padded design,None,None,None
20043954,leopard print,fringed edge,wool-cashmere blend,multicolour,None,None,high neck,cape design,None,None,asymmetric hem
19907682,black,high-shine,None,high-shine finish,None,None,funnel neck,padded,None,long sleeves,None
20682750,camel brown,logo patch to the side,wool,knitted construction,knee-length,spread collar,None,cape design,None,None,None
21389997,medium grey,herringbone pattern,wool,None,None,notched lapels,None,single-breasted,None,long sleeves,straight hem
18434681,navy blue,peak lapels,wool,None,None,None,None,double-breasted,None,long sleeves,straight hem
20142309,chocolate brown,single-breasted,calf leather,None,knee-length,notched lapels,None,trench coat,None,long sleeves,None
18454938,fawn,epaulettes,cotton/calf leather,garbardine,None,notched collar,None,trench coat,None,long sleeves,None
20513598,midnight blue,logo patch at the sleeve,down-feather filling,padded design,straight hem,drawstring neck,None,None,None,None,straight hem
20269101,beige,Vintage Check-trim,cotton blend,gabardine weave,thigh-length,wide notch lapels,None,short trench coat,None,long sleeves,straight hem
20963270,black,diamond-quilted detailing,duck down,logo patch to the side,below-knee length,None,crew neck,quilted long gilet,None,sleeveless,straight hem
18723628,"blue, Vintage Check pattern","epaulettes, storm flap, double-breasted button fastening, two side button-fastening pockets, belted waist, belted cuffs, rear slit",cotton,None,Mid-length,"classic collar, Ulster lapels",None,Chelsea Heritage trench coat,None,long sleeves,straight hem
21413321,dark green,belted waist,"cotton, shearling",shearling,mid-length,notched lapels,None,trench coat,None,long sleeves,straight hem
18963092,beige,Vintage Check-pattern lining,cotton,None,Long,notched lapels,None,Kensington Heritage trench coat,None,belted cuffs,central rear vent
20758301,milk white,buttoned cuffs,virgin wool,None,thigh-length,notched lapels,None,double-breasted,None,long sleeves,None
18600123,military green,padded design,cotton blend,None,mid-length,None,None,long puffer coat,drawstring hood,long sleeves,straight hem
20077931,beige,"['padded', 'quilted']",feather down,None,None,None,None,None,classic hood,None,None
20642722,black,Vintage Check-pattern lining,None,None,thigh-length,wide peak lapels,None,double-breasted trench coat,None,long sleeves,None
19350675,black,enamel triangle logo,recycled nylon,down-feather filling,None,stand-up collar,None,None,classic hood,long sleeves,None
19842395,beige,checked lining,cotton,None,None,notched collar,None,trench coat,None,long sleeves,straight hem
19476960,beige,quilted,down-feather filling,water-repellent,None,None,None,parka,detachable hood,long sleeves,straight hem
21110222,black,double-breasted,wool,None,None,notched lapels,None,A-line,None,long sleeves,flared hem
20288804,cedar brown,notched lapels,wool-cashmere blend,felted,long length,notched-lapel,None,double-breasted coat,None,None,central rear vent
20756850,raspberry pink,"double-breasted, drop shoulder, buttoned cuffs, two front flap pockets, American rear vent",virgin wool-cashmere blend,None,None,notched lapels,None,Efegozi,None,long sleeves,straight hem
19885191,blue,front zip fastening,cotton,None,None,None,None,hooded jacket,classic hood,long sleeves,None
18213197,Dark green,panelled design,leather,distressed finish,None,notched collar,None,double-breasted,None,long sleeves,central rear vent
18664837,houndstooth,double-breasted,None,None,below-knee,classic lapels,None,None,None,long,straight
19149423,sand beige,shearling trim,calf leather,shearling-lined,None,None,None,suede jacket,None,long sleeves,straight hem
19383261,beige,drawstring waist,None,None,None,None,None,hooded coat,classic hood,long sleeves,None
20621093,black/white,houndstooth,None,None,None,collarless,None,double-breasted,None,long sleeves,straight hem
20140846,brown,buttoned-cuff sleeves,virgin wool blend,None,knee-length,peak lapels,None,double-breasted,None,long sleeves,central rear vent
21356917,ecru,peak lapels,virgin wool-cashmere blend,None,None,None,None,double-breasted,None,long sleeves,straight hem
20268297,"beige, multicolour, house check pattern","reversible, panelled design",cotton,None,None,classic collar,None,car coat,None,"long sleeves, belted cuffs",straight hem
17052553,Brown,belted,lamb skin,None,mid-length,rounded collar,None,belted leather coat,None,long sleeves,None
19908615,khaki,"double-breasted button fastening, belted waist, buttoned cuffs, four front flap pockets",cotton,front zip fastening,straight hem,wide notch lapels,None,layered trench coat,None,long sleeves,straight hem
21247711,taupe,"jetted chest pocket, two front flap pockets, buttoned cuffs, central rear vent",cotton blend,full lining,above-knee length,peak lapels,None,double-breasted coat,None,long sleeves,straight hem
20472262,"navy blue, multicolour, patterned jacquard",textured finish,None,textured finish,None,spread collar,None,double-breasted,None,three-quarter length sleeves,central rear vent
21001059,light pink,appliqué logo,feather down,tonal stitching,knee-length,None,high neck,padded design,drawstring hood,long sleeves,straight hem
19948599,coffee brown,felted,None,None,mid-length,pointed flat collar,None,Croissant midi coat,None,long raglan sleeves,straight hem
19999857,olive green,fringed edge,virgin wool,knitted construction,None,None,open front,None,None,long sleeves,straight hem
20621665,navy blue,gold-tone hardware,goose down,quilted,straight hem,None,high neck,belted quilted coat,drawstring hood,long sleeves,straight hem
19392181,beige,number patch to the front,sheer,None,floor-length,notched lapels,None,trench coat,None,long sleeves,None
18614332,leopard print,logo patch,wool blend,None,None,notched lapels,None,oversized,None,long sleeves,straight hem
16732597,Honey,checked lining,cotton/calf leather,None,long,notched lapels,None,Chelsea Heritage,None,long sleeves,None
20044165,black/multicolour,patchwork design,faux-fur,faux-fur design,maxi,None,None,None,None,long sleeves,long length
20278890,black,logo patch at the sleeve,faux-fur,padded design,None,None,high neck,faux-fur design,None,long sleeves,drawstring hem
20142519,black,logo plaque,None,full lining,long length,peak lapels,V-neck,double-breasted,None,long sleeves,straight hem
20046803,black,faux-shearling trim,faux leather,None,None,classic collar,None,None,None,long sleeves,straight hem
19775980,black,logo patch at the sleeve,None,water-repellent,None,None,None,None,classic hood,"long sleeves, elasticated cuffs",None
19161246,camel brown,"notched lapels, double-breasted button fastening, belted waist, epaulettes, central rear vent",cashmere,knitted construction,mid-length,notched lapels,None,trench coat,None,long sleeves,None
20046804,geometric-pattern light beige light brown,concealed front fastening,faux-fur,None,calf-length,shawl collar,V-neck,faux-fur design,None,long sleeves,straight hem
19906716,multicolour,patterned jacquard,wool blend,None,None,shawl lapels,None,None,None,long sleeves,None
20233903,dark khaki,"epaulettes, storm flap, D-ring buckle",cotton,None,calf-length,classic collar,None,Waterloo trench coat,None,"long sleeves, belted cuffs",None
20705185,beige,belted waist,cotton blend,None,None,notched collar,None,double-breasted belted trench coat,None,long sleeves,None
18417474,black,logo print to the rear,cotton,None,mid-length,stand-up collar,None,parka,classic hood,long sleeves,high-low hem
19124019,"archive beige, check print",checked-detail,wool,None,mid-length,None,None,wrap coat,classic hood,long sleeves,None
18930748,"honey, Vintage Check pattern","concealed front button fastening, two diagonal pockets to the sides",cotton,None,None,classic collar,None,Camden Heritage car coat,None,long sleeves,None
20857343,khaki,contrasting trim,None,quilted,None,classic collar,None,single-breasted,None,long sleeves,curved hem
20485800,medium grey,notched lapels,virgin wool,concealed front fastening,mid-length,notched lapels,None,single-breasted,None,long sleeves,central rear vent
19055137,sage green,belted waist,stretch-cotton,padded design,long length,None,concealed front fastening,puffer coat,classic hood,long sleeves,None
18514946,black,notched lapels,cotton,None,None,notched lapels,None,double-breasted trench coat,None,long sleeves,None
20579101,beige,belted waist,stretch-cotton,None,mid-length,notched collar,None,sleeveless kite trench coat,None,sleeveless,central rear vent
19420166,light brown,storm flap,cotton,None,below-knee,wide notch lapels,None,double-breasted,None,epaulettes,straight
20787571,black,"off-centre front fastening, front tie fastening, shoulder pads, detachable belt",wool-cashmere blend,felted,mid,peak lapels,None,None,None,long sleeves,None
19278375,black,padded design,None,None,None,None,high neck,oversized Mantel,None,long sleeves,None
20927788,"burgundy, all-over snakeskin print","tied waist, side pouch pockets",lambskin,snake-effect,floor-length,notched lapels,None,trench coat,None,long sleeves,straight hem
20379831,light beige,buckle-embellished,duck down,quilted,None,throat latch,None,padded design,drawstring hood,"long sleeves, elasticated cuffs",drawstring hem
18318677,blue,front flap pocket,None,None,None,None,None,hooded jacket,classic hood,long sleeves,None
18906877,anthracite grey,signature four-stitch logo,wool,contrast stitching,mid-length,"wide peak lapels, contrasting collar",None,double-breasted,None,long sleeves,None
20153436,cow print,belted cuffs,cotton,None,mid-length,notched lapels,None,trench coat,None,belted cuffs,central rear vent
18727635,honey,epaulettes,cotton,None,mid-length,classic collar,None,trench coat,None,long sleeves,None
20895696,almond beige,ribbed cuffs,lambs wool,teddy,below-knee length,mock neck,None,drop shoulder,None,long sleeves,curved hem
20755003,dark grey,belted waist,wool shearling,shearling,None,wide notch lapels,None,None,None,long sleeves,straight hem
20152725,taupe grey,"bouclé construction, wide peak lapels, chest welt pocket, two side flap pockets, central rear vent",wool blend,bouclé-texture,mid-length,wide peak lapels,None,double-breasted,None,long sleeves,None
18576565,beige,faux-fur detail,faux-fur,None,None,notched collar,None,None,None,long sleeves,None
20368381,ecru,belted waist,shearling,reversible,calf-length,shawl lapels,None,None,None,long sleeves,straight hem
20954626,grey,floral embroidery,virgin wool blend,None,None,notched lapels,None,single-breasted,None,long sleeves,straight hem
20930363,black,gold-tone buttons,alpaca wool-blend,brushed effect,calf-length,peak lapels,None,double-breasted,None,long sleeves,central rear vent
20044164,"Maiolica-print, off-white, dark red",pussy-bow,silk,None,floor-length,pussy-bow collar,None,draped design,None,long sleeves,None
16158481,Black,felted,wool-cashmere,draped,side slits,oversized lapels,None,oversized,None,long sleeves,straight hem
19947988,green,"diamond quilting, faux-shearling trim",None,None,None,None,None,None,classic hood,long sleeves,straight hem
20046850,black,"notched lapels, chest welt pocket, front button fastening, two front flap pockets",wool,single-breasted,above-knee length,notched lapels,V-neck,straight,None,long sleeves,straight hem
20872059,cream white,"concealed front button fastening, two side slit pockets, side slits",virgin wool blend,None,mid-calf,notched,None,single-breasted,None,long,None
20518705,charcoal grey,ribbed-knit edge,cashmere,padded design,mid-length,None,None,None,classic hood,long sleeves,straight hem
18687822,black,belted waist,cotton,None,None,classic collar,None,Chelsea trench coat,None,long sleeves,None
17781326,khaki beige,double-breasted,cotton blend,None,mid-length,notched lapels,None,None,None,long sleeves,None
21012645,black,notched lapels,virgin wool,brushed effect,thigh-length,notched lapels,None,single-breasted,None,long sleeves,straight hem
18955658,jet black,padded design,None,None,None,stand-up collar,None,zipped-up,None,long sleeves,None
20911701,brown,belted,faux-fur,faux-fur design,None,notched lapels,None,None,None,long sleeves,straight hem
19750547,"white, beige",drawstring,goose down,padded design,None,None,None,reversible,drawstring hood,"long sleeves, ribbed cuffs",None
20744469,archive beige,storm flap,organic cotton,None,None,notched lapels,None,trench coat,None,long sleeves,straight hem
20914628,"navy blue, camel brown, grey","notched lapels, front button fastening, two side flap pockets, buttoned cuffs, central rear vent","cashmere, wool",None,mid-length,notched lapels,None,single-breasted,None,long sleeves,None
19077142,off-white,faux fur-trimmed,None,padded,None,None,None,quilted,faux fur-trimmed hood,long sleeves,straight hem
21067909,jet black,"logo-buckle detail, gold-tone hardware",None,None,None,notched lapels,None,belted,None,long sleeves,flared hem
20847663,burnt orange,padded design,duck feather,None,None,None,None,zip-up hooded coat,drawstring hood,long sleeves,None
18714761,Silverbirch,front zip fastening,feather down,None,None,None,None,Cypress hooded coat,classic hood,long sleeves,None
21237178,black,notched lapels,virgin wool blend,None,mid-calf length,notched lapels,None,double-breasted,None,long sleeves,straight hem
14783251,Beige,pleated,None,None,None,None,None,trench coat,None,long sleeves,None
17848314,beige,"belted waist, belted cuffs, rear slit",cotton,None,mid-length,spread collar,None,trench coat,detachable hood,long sleeves,None
18706054,black,belted waist,virgin wool blend,None,mid-length,notched lapels,None,single-breasted,None,long sleeves,None
20638064,None,layered,"wool blend, feather down",quilted,None,notched lapels,None,None,None,long sleeves,straight hem
20246411,black/multicolour,"Vintage Check-pattern lining, storm flap",cotton,gabardine weave,above-knee,classic collar,None,trench coat,None,long sleeves,straight hem
16102918,Black,Vintage Check-pattern lining,None,diamond quilting,mid-length,None,None,None,drawstring hood,long sleeves,None
20485122,cream white,quilted,feather down,padded,thigh-length,None,high neck,None,None,long sleeves,straight hem
19390332,white/black,contrasting border,None,transparent design,below-knee,notched lapels,None,long coat,None,long sleeves,None
17141315,Black,"double-breasted button fastening, belted waist, belted cuffs, two side flap pockets",feather down,padded,mid-length,None,None,detachable-hood padded coat,detachable hood,long sleeves,straight hem
16692292,Hunter green,"signature four-stitch logo, wide notch lapels",certified recycled or upcycled materials,quilted,long length,wide notch lapels,None,double-breasted,None,long sleeves,None
20904046,charcoal grey,felted,None,None,mid-length,pointed flat collar,None,Le Manteau Croissant midi coat,None,long raglan sleeves,straight hem
20696899,dark green,"crystal-embellished buttons, crystal embellishment, ruffled detailing",jacquard,None,None,None,round neck,None,None,long sleeves,None
20121139,black,notched lapels,wool,shoulder pads,long,notched lapels,None,single-breasted,None,long sleeves,straight hem
19947637,brown,"front button fastening, two side inset pockets",wool blend,None,calf-length,None,high neck,Officer,None,long sleeves,straight hem
16294169,Green,"double-breasted, front button fastening, belted cuffs",cotton,None,None,classic collar,None,jacket,None,long sleeves,None
19991742,light beige,belted waist,None,None,calf-length,classic collar,None,trench coat,None,long sleeves,straight hem
20988580,aubergine,fleece texture,Agneau,None,None,notched collar,None,None,None,long sleeves,straight hem
20992228,chocolate brown,belted waist,virgin wool,None,mid-length,wide notch lapels,None,notched-lapel belted trench coat,None,long sleeves,straight hem
20586244,light beige,shoulder pads,virgin wool,None,below-knee,peak lapels,None,double-breasted,None,long sleeves,straight hem
20746560,jet black,belted waist,cashmere,None,long length,notched lapels,None,None,None,long sleeves,straight hem
21252522,"multicolour, graffiti print","logo-print drawstring, cuff zips, contrast lining",None,None,None,None,funnel neck,puff parka,classic hood,None,None
18704395,blue,snap button-fastening cuffs,down-feather filling,padded,mid-length,None,None,Raso,classic hood,long sleeves,None
19096685,beige,front button fastening,virgin wool,None,below-knee length,spread collar,None,single-breasted,None,long sleeves,rear curved hem
20151443,"brown, multicolour","belted waist, buttoned-cuff sleeves","wool blend, tweed",None,None,notched lapels,None,double-breasted,None,"balloon sleeves, long sleeves","straight hem, central rear vent"
17334646,Black,concealed front fastening,wool-blend,None,long,None,None,puffer coat,classic hood,long sleeves,None
19840352,ivory white,"logo-embossed buttons, two front flap pockets, buttoned cuffs, locker loop",wool,full lining,thigh-length,collarless,None,None,None,crop sleeves,straight hem
20982629,navy blue,faux-fur detailing,None,fleece lining,None,spread collar,None,parka coat,None,long sleeves,straight hem
20867057,black,lace-up detailing,None,padded,knee-length,stand-up collar,None,flared,None,long sleeves,flared hem
19975939,black,faux-fur detailing,faux-fur,None,mid-calf length,peak lapels,None,coat,None,long sleeves,straight hem
16787669,Black,enamel triangle logo,recycled nylon,lightweight construction,rear curved hem,None,None,oversized,drawstring hood,long sleeves,rear curved hem
19907373,black,panelled design,lambskin,signature Medusa Head buttons,None,peak lapels,None,None,None,long sleeves,central rear vent
20956691,black,"Medusa Head motif, logo patch at the sleeve, belted cuffs",wool blend,None,None,notched lapels,None,double-breasted coat,None,long sleeves,None
19538758,black,notched lapels,cashmere,None,mid-calf,notched,None,open-front,None,long,straight
19452890,sand beige,"double-breasted, belted, epaulettes, drop shoulder, buttoned cuffs, storm flap, button-fastening pockets, central rear vent",organic cotton blend,twill weave,long length,classic collar,None,trench coat,None,long sleeves,None
16733304,Midnight blue,"epaulettes, storm flap",cotton blend,None,None,notched lapels,None,Chelsea Heritage trench coat,None,long sleeves,central rear vent
20110472,black,belted waist,goose down,padded design,None,Cuban collar,None,single-breasted coat,None,long sleeves,straight hem
18900437,black,logo patch at the sleeve,cotton blend,padded design,None,None,None,Shelburne parka,classic hood,long sleeves,None
15974837,Beige,belted waist,cotton,None,Short,straight-point collar,None,The Short Islington trench coat,None,long sleeves,None
20921764,"denim patchwork design, indigo blue, white","logo patch to the rear, shearling lining","cotton, cashmere, lambskin",None,mid-length,None,round neck,single-breasted coat,None,long sleeves,None
20701838,black,quilted,velour,goose down,None,None,None,padded design,hooded,long sleeves,straight hem
15803680,Black,logo patch,goose down,None,None,None,funnel neck,Moka puffer coat,detachable hood,long sleeves,None
15620301,Grey,"RWB stripe, frayed edge",wool,frayed edge,None,notched lapels,None,None,None,"long sleeves, buttoned cuffs",side slits
18963153,archive beige,Vintage Check-pattern lining,cotton,None,Mid-length,spread collar,None,Chelsea Heritage trenchcoat,None,long sleeves,None
16652270,Black,down-feather filling,Raso,None,mid-length,None,None,hooded padded coat,classic hood,long sleeves,None
20142490,brown,padlock fastening,lambskin,None,None,stand-up collar,None,None,classic hood,long sleeves,straight hem
20001215,"light grey, tartan check pattern",fringed edge,wool-cashmere blend,None,cape design,None,None,cape design,None,long wide sleeves,asymmetric hem
20514811,black,logo patch at the sleeve,recycled nylon,laqué lining,mid-calf length,None,high neck,padded design,classic hood,long sleeves,None
18848495,black,"epaulettes, storm flap, Ulster lapels, double-breasted button fastening, two front button-fastening jetted pockets, tied waist, D-ring findings, belted cuffs",cotton,None,thigh-length,Ulster lapels,None,Short Chelsea Heritage trench coat,None,long sleeves,None
20870243,honey beige,tonal stitching,cotton,gabardine weave,mid-length,notched lapels,None,oversized belted trench coat,None,long sleeves,straight hem
18656099,light beige,Vintage Check-pattern lining,cotton,None,short,classic lapels,None,The Short Kensington Heritage trench coat,None,long sleeves,None
20246407,black,EKD embroidered,None,full lining,mid-length,None,None,None,classic hood,long sleeves,straight hem
20235757,brown,notched lapels,alpaca wool-blend,None,mid-calf,notched lapels,None,double-breasted,None,long,straight
20970711,black,floral appliqué,virgin wool,None,None,spread collar,None,single-breasted,None,long sleeves,straight hem
15831706,Navy blue,belted,wool-cashmere blend,None,knee-length,notched lapels,None,Cenda,None,long sleeves,None
20703177,light beige,"belted waist, belted cuffs",wool,None,None,notched lapels,None,open front,None,long sleeves,straight hem
18643508,black/multicolour,check pattern,wool,reversible,mid-length,notched lapels,None,belted waist,None,long sleeves,None
20856504,black,two front flap pockets,calf leather,None,None,classic collar,None,single-breasted,None,long sleeves,straight hem
20143359,charcoal grey,frayed edge,wool blend,stretch-design,None,shawl lapels,None,trench coat,hooded,long sleeves,straight hem
21026514,midnight blue,thumb slots,feather down,padded design,None,None,high neck,None,classic hood,long sleeves,rear curved hem
21003459,mustard yellow,wide peak lapels,felted,None,below-knee length,wide peak lapels,None,long coat,None,long sleeves,central rear vent
20242257,all-over logo print,logo-print,satin,satin finish,None,None,None,blouson,drawstring hood,long sleeves,drawstring hem
20139974,check pattern,embroidered logo,felted,None,None,classic collar,None,None,None,long sleeves,straight hem
20185885,black,logo patch at the sleeve,feather down,diamond quilting,thigh-length,None,None,puffer coat,classic hood,long sleeves,straight hem
20151650,"charcoal grey, herringbone pattern","chain-link detailing, safety pin detail",wool,None,long length,wide notch lapels,None,double-breasted coat,None,long sleeves,straight hem
18583109,blue red patterned,intarsia knit,None,None,None,shawl lapels,None,belted waist,None,long sleeves,None
20702450,midnight blue,"notched lapels, drop shoulder",virgin wool,double-breasted,straight hem,notched lapels,None,None,None,long sleeves,straight hem
19353144,grey,"epaulettes, storm flap, belted waist",None,None,long,spread collar,None,trench coat,None,"long raglan sleeves, belted cuffs",buttoned central rear vent
20909925,beige,belted,cotton,None,None,high neck,high neck,trench coat,None,long sleeves,straight hem
17109422,Brown,quilted,feather down,padded design,long length,None,None,None,drawstring hood,long sleeves,None
19561788,black,logo patch at the sleeve,goose down,quilted,None,None,None,padded design,classic hood,long sleeves,None
18963172,beige,Vintage Check-pattern lining,cotton,None,Long,None,None,Chelsea Heritage trench,None,belted cuffs,central rear vent
18890669,black,quilted,feather down,None,calf-length,None,None,padded,classic hood,None,None
18626131,black,"enamel triangle logo, chest patch pocket, buttoned cuffs, drawstring hood, drawstring waist, two-way zip fastening, two side slit pockets",recycled nylon,POSITIVELY CONSCIOUS,None,None,None,None,drawstring hood,long sleeves,None
21292927,beige,drawstring,goose down,padded,None,None,None,hooded coat,drawstring hood,long sleeves,straight hem
19760363,grey,wide lapels,faux-fur,faux-fur design,knee-length,wide lapels,None,oversized,None,long sleeves,straight hem
21352628,black,logo patch at the sleeve,wool blend,contrasting-fabric sleeves,above-knee length,None,V-neck,wrap design,None,contrasting-fabric sleeves,asymmetric hem
17018889,Khaki brown,frayed edge,cotton,frayed,mid-length,wide notch lapels,None,double-breasted coat,None,long sleeves,None
21322907,light beige,"double-breasted button fastening, epaulettes, storm flap",virgin wool,None,long length,notched collar,None,belted trench coat,None,long sleeves,central rear vent
17785642,Brown,"belt loops, belted waist",faux fur,None,long length,notched collar,None,None,None,long sleeves,straight hem
18872949,navy blue,logo patch at the sleeve,down-feather filling,padded design,mid-length,None,None,None,classic hood,long sleeves,None
19929834,black/grey,herringbone pattern,virgin wool,"distressed effect, whiskering effect",None,notched lapels,None,Hourglass,None,"long sleeves, buttoned cuffs",straight hem
20576686,black,quilted,down-feather,quilted finish,knee-length,None,high neck,asymmetric front fastening,classic hood,long sleeves,None
17849421,navy blue,logo patch at the sleeve,None,padded design,None,None,funnel neck,None,detachable hood,long sleeves,None
16951409,Cream,belted waist,down-feather,padded,None,None,None,None,classic hood,long sleeves,None
17334054,Black,enamel triangle logo,faux-fur,faux-fur detailing,long length,classic collar,None,single-breasted,None,long sleeves,None
15537719,Camel-coloured,belted waist,virgin wool,None,None,notched lapels,None,wrap-around,None,long sleeves,straight hem
20234074,black,"shearling-trim, gold-tone hardware, belted waist",calf leather,None,mid-length,shearling collar,None,belted leather coat,None,long sleeves,straight hem
20154186,light blue,stonewashed,cotton,denim,None,None,None,double-breasted trench coat,None,long sleeves,straight hem
18779540,dark grey,disc detailing,wool blend,fine knit,None,spread collar,None,double-breasted coat,None,long sleeves,None
20220017,cream white,embroidered logo,down-feather,padded,mid-calf,None,high neck,oversized,drawstring hood,long sleeves,straight hem
20084878,plum purple,asymmetric design,wool,double-breasted,below-knee,peak lapels,None,double-breasted,None,long sleeves,None
18584573,anthracite grey,double-breasted button fastening,cashmere,None,mid-length,peak lapels,None,None,None,long sleeves,central rear vent
15166186,Black,storm flap,cotton,None,Short,notched lapels,None,Islington trench coat,None,long sleeves,rear central vent
16732603,Honey brown,"epaulettes, storm flap, checked lining",cotton/calf leather,None,long,notched collar,None,Kensington Heritage,None,long sleeves,None
20196000,pine green,tied waist,sheepskin,reversible,mid-length,None,None,None,classic hood,long sleeves,None
16720756,Taupe-beige,single-breasted,cashmere,None,None,stand-up collar,None,Amie,None,long sleeves,straight hem
20932331,steel blue,belted waist,virgin wool,None,mid-length,wide notch lapels,None,None,None,long sleeves,straight hem
19130348,camel brown,double-breasted button fastening,wool,Conscious,None,notched collar,None,None,None,None,None
19707459,anthracite grey,peak lapels,recycled wool blend,None,None,None,V-neck,double-breasted,None,long sleeves,straight hem
19446610,light yellow,logo patch at the sleeve,None,"ripstop texture, semi-sheer construction",mid-length,None,high neck,detachable belt bag,None,long sleeves,straight hem
19121454,black,logo patch at the sleeve,None,padded design,ankle-length,None,None,None,classic hood,long sleeves,None
21347955,camel brown,contrasting trim,recycled polyamide,padded design,below-knee length,funnel neck,funnel neck,double-breasted button fastening,None,long sleeves,straight hem
21091830,navy blue,notched lapels,wool blend,cotton,knee-length,None,None,double-breasted,None,long sleeves,straight hem
20849384,blush pink,classic lapels,wool-cashmere blend,silk lining,mid-length,classic lapels,None,flared,None,long sleeves,None
19915665,black,"peak lapels, shoulder pads, buttoned cuffs, chest welt pocket, two side welt pockets, central rear vent",virgin wool blend,satin lining,None,peak lapels,None,cocoon design,None,long sleeves,None
20237650,camel brown,faux-fur design,virgin wool blend,None,mid-length,None,None,cape,drawstring hood,long sleeves,straight hem
19034203,brown,"['rear slit', 'belted waist', 'epaulettes', 'buttoned cuffs']",faux leather,None,mid-length,oversized pointed collar,None,double-breasted trench coat,None,long sleeves,straight hem
20229309,rose pink,two front welt pockets,virgin wool,single-breasted,mid-length,classic collar,None,double-breasted button fastening,None,long sleeves,None
20225366,black,belted waist,satin,satin finish,knee-length,notched lapels,None,trench coat,None,long sleeves,None
20953102,black,twill weave,wool,silk lining,None,classic hood,None,peacoat,classic hood,long sleeves,straight hem
19594448,camel brown,belted waist,cotton,None,None,classic lapels,None,double-breasted trench coat,None,long sleeves,None
17265749,Camel,panelled design,wool-cashmere blend,None,long length,wide lapels,None,single-breasted,None,long sleeves,straight hem
17849418,black,logo patch at the sleeve,down,quilted finish,long length,None,None,None,classic hood,long sleeves,straight hem
18710724,black,double layer,None,None,None,notched lapels,high neck,single-breasted,None,long sleeves,None
20809893,black,"logo patch at the chest, logo patch at the sleeve, decorative button detailing",wool blend,None,None,wide peak lapels,None,single-breasted,None,"long sleeves, buttoned-cuff sleeves",straight hem
20578526,black,shoulder tab detail,stretch-cotton,silver-tone hardware,None,classic collar,None,double-breasted trench cape,None,None,asymmetric hem
19917354,black,leather trench,lambskin,None,calf-length,classic collar,throat latch,trench coat,None,long raglan sleeves,None
17270892,black,two side inset pockets,feather down,quilted finish,long length,None,None,None,classic hood,long sleeves,None
18779928,light beige,Vintage Check-pattern lining,cotton,None,None,None,None,The Long Waterloo Heritage Trench Coat,None,long sleeves,central rear vent
19101804,cool grey,logo patch at the sleeve,None,padded design,ankle-length,None,None,parka,classic hood,long sleeves,None
20472997,navy blue,front button fastening,cashmere,None,calf-length,inverted lapels,None,single-breasted,None,long sleeves,None
18583108,dark grey abstract pattern print,fringe detailing,virgin wool,None,long length,None,None,belted waist,None,long sleeves,None
18582647,navy blue,"['enamel triangle logo', 'chain-link detailing']",wool,None,None,None,square neck,double-breasted coat,None,long sleeves,rear slit
17920362,salmon pink,logo patch at the sleeve,None,glossy finish,None,stand-up collar,None,puffer,detachable hood,long sleeves,straight hem
20243858,cardinal red,belted waist,wool blend,stretch-design,mid-length,classic collar,None,None,None,long sleeves,straight hem
20547889,"anthracite grey, black","reversible, belted","sheepskin, shearling",None,mid-calf,notched lapels,None,belted waist,None,long,straight
20178807,sand beige,"logo patch at the sleeve, contrasting trim, frayed edge, buttoned cuffs",None,None,knee-length,classic collar,None,trench coat,None,long sleeves,straight hem
18599148,black,contrasting trim,mohair-wool blend,herringbone pattern,None,notched lapels,None,belted coat,None,long sleeves,straight hem
19782954,black,oversize bow detail,semi-sheer construction,semi-sheer,mid-length,oversized pointed collar,None,oversized,None,three-quarter length sleeves,None
18870138,navy blue,logo patch at the sleeve,"cotton, duck feathers",padded,mid-length,None,None,None,classic hood,long sleeves,None
19992863,light beige,diamond quilting,None,padded design,None,shearling collar,spread collar,shirt jacket,None,long sleeves,None
18948689,black,double-breasted,cotton,high-shine,None,notched,None,coat,None,long,None
20228558,cedar brown,concealed front fastening,shearling,None,mid-length,None,None,None,None,long sleeves,straight hem
20471209,off-white,belted waist,virgin wool,None,mid-length,classic lapels,None,double-breasted,None,long sleeves,None
16096092,Camel brown,"notched lapels, drop shoulder, concealed front button fastening",wool,None,oversized style,notched lapels,None,oversized,None,long sleeves,None
20149775,orange,double-collar,wool,None,None,notched collar,None,double-breasted,None,long sleeves,straight hem
19780890,desert sage green,"belted waist, concealed front fastening",organic cotton blend,draped design,mid-calf length,None,None,draped belted trench coat,None,None,asymmetric hem
20513737,black,"knitted panels, padded panels, quilted panels, logo patch at the sleeve","wool, down-feather filling",None,above-knee,None,high neck,double-breasted press-stud fastening,None,long raglan sleeves,None
20848946,plaid check dark grey,chevron knit,wool,None,floor-length,Ulster lapels,None,maxi coat,None,long sleeves,straight hem
20905691,"sand beige, Vintage Check pattern",detachable adjustable waist strap,cotton blend,None,mid-length,spread collar,peak lapels,trench coat,None,long sleeves,straight hem
20930112,black,tie-waist,virgin wool,None,mid-calf length,wide notch lapels,None,wrap design,None,None,central rear vent
16786676,Black,enamel triangle logo,recycled nylon,"padded design, diamond quilting",None,notched lapels,None,Light Re-Nylon raincoat,None,long sleeves,central rear vent
20307499,Poudre pink,floral appliqué,wool blend,rose-embellished,below-knee,peak lapels,None,None,None,long sleeves,straight hem
19626727,lilac purple,logo patch at the sleeve,None,padded design,None,None,None,None,drawstring hood,long sleeves,straight hem
20244475,black,decorative double-button detail,lambskin,None,None,wide notch lapels,None,belted-waist leather trench coat,None,long sleeves,straight hem
20044984,black,buttoned cuffs,sheepskin,None,knee-length,None,funnel neck,None,None,long sleeves,straight hem
20725390,taupe,ribbed trim,goose down,quilted,knee-length,None,funnel neck,padded design,drawstring hood,None,curved hem
20126472,"lavender purple, camel brown",open front,mohair blend,gradient effect,mid-length,None,None,None,None,long sleeves,None
21290557,black/white,houndstooth pattern,virgin wool blend,None,mid-length,notched lapels,None,belted coat,None,long sleeves,straight hem
16732740,Black,storm flap,cotton/calf leather,None,None,notched lapels,None,Waterloo Heritage trench coat,None,long sleeves,None
19548779,house check pattern,storm flap,cotton,checked lining,mid-length,classic collar,front hook and eye fastening,trench coat,None,long sleeves,None
19949657,beige,VLogo Signature,virgin wool-silk blend,None,above-knee,None,open front,Toile Iconographe,classic hood,long sleeves,straight hem
19908431,black,belted waist,faux leather,None,mid-length,classic collar,None,trench coat,None,long sleeves,straight hem
19977193,bold check pattern,fringed edge,None,None,None,None,open front,draped design,slouchy hood,sleeveless,asymmetric hem
18859881,black,"storm flap, rear slit, belted waist",cashmere,None,None,notched collar,None,Kensington trench coat,None,None,None
20851469,lime yellow,belted waist,"wool, calf leather",None,mid-length,None,round neck,belted-waist wool coat,None,buttoned-cuff sleeves,None
20066488,light pink,"monogram jacquard, Medusa Head motif, storm flap","lambskin, canvas",logo-jacquard,None,classic collar,None,trench coat,None,long sleeves,None
20043951,black/multicolour,patchwork design,lambskin,open front,long,None,None,None,None,long sleeves,curved hem
17848486,black,padded design,None,lightweight construction,None,None,None,None,classic hood,long sleeves,straight hem
20945524,"light brown, camel brown","decorative button detailing, wide peak lapels, belted waist, rear button fastening",wool blend,two-tone design,ankle-length,wide peak lapels,None,double-breasted maxi coat,None,"long sleeves, buttoned-cuff sleeves",straight hem
19347400,midnight blue,four front flap pockets,cotton blend,high-shine finish,None,None,high neck,None,drawstring hood,long sleeves,straight hem
21249407,brown,belted,None,panelled design,None,classic collar,None,trench coat,None,long sleeves,straight hem
20233129,cream white,wide notch lapels,wool blend,None,None,notch-lapels,None,double-breasted coat,None,long sleeves,straight hem
18812118,black,logo patch at the sleeve,feather down,padded design,high-low hem,funnel neck,None,puffer coat,drawstring hood,long sleeves,high-low hem
18715580,black,"buttoned cuffs, central rear vent",faux leather,None,None,peak lapels,None,concealed front fastening,None,long sleeves,straight hem
20887772,black,"notched lapels, double-breasted button fastening, drop shoulder, buttoned cuffs, central rear vent",virgin wool blend,None,mid-length,notched lapels,None,double-breasted,None,"long sleeves, buttoned cuffs",straight hem
20954238,black,"storm flap, silver-tone hardware, belted cuffs",cotton blend,gabardine weave,None,wide notch lapels,None,double-breasted belted trench coat,None,long sleeves,None
15489941,Black,logo patch,None,None,None,None,None,puffer jacket,hooded,fitted-cuff sleeves,None
17111751,Almond,"belted waist, double-breasted effect, buttoned cuffs",virgin wool,None,long length,notched collar,None,trench coat,None,long sleeves,straight hem
20494156,silver-tone,metallic effect,"lambskin, duck down","quilted, padded",straight hem,press-stud fastening collar,None,hooded zip-up,slouchy hood,"long sleeves, elasticated cuffs",straight hem
20647265,black,logo patch at the sleeve,goose down,padded design,knee-length,None,high neck,midi coat,concealed hood,long sleeves,straight hem
19976448,green/white check pattern,front button fastening,wool blend,None,None,None,None,None,classic hood,long sleeves,None
19422616,colour-block navy blue/indigo blue,panelled design,cashmere-wool blend,None,None,spread collar,None,single-breasted coat,None,long sleeves,None
20484707,black,plissé effect,None,None,below-knee length,None,V-neck,single-breasted,None,long sleeves,straight hem
19123248,"black, coffee brown","contrasting panel detail, quilted panels",None,None,long length,classic collar,None,fishtail design,None,long sleeves,None
20729109,beluga grey,"drop shoulder, buttoned-cuff sleeves, two side flap pockets",virgin wool,None,None,notched collar,None,double-breasted,None,"long sleeves, buttoned-cuff sleeves",straight hem
19975094,dark green,quilted,recycled polyester,None,None,collarless,round neck,drawstring,None,long sleeves,curved hem
18671126,off-white,logo print,cotton,water-repellent finish,knee-length,None,None,drawstring coat,drawstring hood,long sleeves,None
19693102,navy blue,layered design,virgin wool blend,None,None,None,funnel neck,single-breasted,None,long sleeves,None
20917566,tan brown,embroidered logo to the side,cotton,None,None,needlecord collar,None,Townfield parka,None,long sleeves,straight hem
19907681,midnight blue,shearling lining,lambskin,suede,None,None,high neck,wrap design,None,long sleeves,straight hem
21284963,"cedar brown, FF-logo print, monogram pattern","FF logo plaque, belted waist, belt loops, buttoned cuffs",None,None,None,classic collar,None,trench coat,None,long sleeves,straight hem
20153429,black/grey,"herringbone pattern, draped detailing, belted waist, belted cuffs",wool blend,None,None,None,None,draped,None,long sleeves,straight hem
19976424,dark green,drawstring waist,cotton blend,None,thigh-length,None,None,long-line parka,drawstring hood,long sleeves,straight hem
21342906,black,crystal embellishment,wool,None,None,notched lapels,None,single-breasted,None,long sleeves,straight hem
20369242,off-white,front press-stud and zip fastening,virgin wool,press-stud fastening cuffs,high-low hem,None,None,parka,classic hood,long sleeves,high-low hem
18888123,cloud white,logo patch to the front,"['cotton', 'duck feathers']",padded design,None,None,None,None,classic hood,long sleeves,None
19949658,Toile Iconographe print,tied waist,wool-silk blend,None,None,None,None,None,classic hood,long sleeves,straight hem
19906740,cedar brown,"['notched lapels', 'chest welt pocket', 'jetted pocket', 'two front flap pockets']",wool blend,None,ankle-length,notched lapels,None,double-breasted,None,long sleeves,straight hem
20968023,almond beige,"frayed detailing, sequin detailing",cotton blend,full jacquard,mid-length,classic lapels,None,None,None,long sleeves,None
20472295,"multicolour, paisley print",open front,satin-finish,satin finish,None,None,None,cape,None,half-length sleeves,asymmetric hem
20916205,"off-white, light beige","toggle-detail, padded design",None,None,None,None,None,parka,detachable hood,long sleeves,straight hem
15980596,Slate gray,belted,cashmere,None,long,notched lapels,None,single-breasted,None,long sleeves,None
20152729,beige,"double-breasted, belted waist, belted cuffs, central rear vent",stretch-cotton,None,None,wide peak lapels,None,trench coat,None,long sleeves,None
17621733,Melange grey,"embroidered design, scarf detailing",wool blend,embroidered,None,None,None,scarf jacket,None,long wide sleeves,None
19731269,off-white,fleece texture,faux-fur,faux-fur design,long length,wide notch lapels,None,long coat,None,long sleeves,None
18725952,navy blue,storm flap,cotton,None,None,notched lapels,button-down collar,double-breasted,None,long sleeves,None
21356723,cream white,peak lapels,virgin wool,None,below-knee length,peak lapels,None,double-breasted,None,long sleeves,straight hem
18819588,black,belted waist,virgin wool,concealed front fastening,long length,classic collar,None,single-breasted,None,long sleeves,central rear vent
19391156,leopard print,open front,faux-fur,None,None,None,None,faux-fur design,None,long sleeves,straight hem
20860590,sky blue,double-breasted,virgin wool blend,None,short,notched lapels,None,None,None,long sleeves,straight hem
19418352,black,"belted waist, epaulettes",calf leather,None,None,notched collar,None,trench coat,None,long sleeves,None
19253132,beige,"double-breasted, front toggle fastening, boxy",None,None,None,classic collar,None,boxy coat,None,long sleeves,straight hem
21320951,black,padded panels,virgin wool blend,"brushed finish, water-repellent finish",knee-length,bib collar,high neck,single-breasted,None,long sleeves,straight hem
20239063,beige,textured,"['cashmere', 'goat hair']",None,None,None,round neck,sleeveless coat,None,sleeveless,None
18330241,black,single-breasted,wool,felted finish,None,wide notch lapels,None,None,None,long sleeves,None
18896896,black,padded design,wool blend,gold-tone hardware,mid-length,high neck,high neck,double layer,None,long sleeves,None
20488513,black,gold-tone hardware,goose down,quilted,below-knee length,None,high neck,padded design,drawstring hood,long sleeves,straight hem
19383265,light blue,logo patch at the sleeve,feather down,drawstring waist,knee-length,None,None,long parka,concealed hood,long sleeves,straight hem
20914950,beluga grey,detachable waist belt,alpaca wool-blend,faux-fur,knee-length,None,open front,drop shoulder,None,long sleeves,None
20976518,midnight blue,single-breasted,wool-cotton blend,brushed finish,None,notched lapels,None,None,None,None,straight hem
20557203,charcoal grey,"notched lapels, jetted chest pocket, two front flap pockets, split cuffs",recycled polyester blend,None,long length,notched-lapel,None,double-breasted coat,None,long sleeves,straight hem
18961911,midnight blue,Vintage Check-pattern lining,cotton,concealed front button fastening,None,classic collar,None,Heritage car coat,None,belted cuffs,central rear vent
18884939,black,Swarovski crystal embellishment,virgin wool blend,None,None,classic collar,None,None,None,long sleeves,None
20919810,green,belted waist,None,None,None,peak lapels,None,single-breasted,None,long sleeves,None
20956324,olive green,multi-pocket,wool blend,None,calf-length,classic collar,None,belted trench coat,None,long sleeves,straight hem
20110990,black,embossed gold-tone buttons,virgin wool,satin,long length,None,peak lapels,double-breasted coat,None,long sleeves,straight hem
19940106,navy blue,throat latch,wool,satin lining,None,None,None,duffle coat,classic hood,long sleeves,None
17936951,Neutral,"Interlocking G chain-embellished, leather trim, gold-tone hardware, chain-link detailing, embossed gold-tone buttons",wool-blend,None,None,None,None,American rear vent,None,long sleeves,full lining
20379856,beige,logo patch at the sleeve,None,quilted finish,mid-length,throat latch,None,padded design,drawstring hood,long sleeves,None
15904635,Black,logo patch at the sleeve,None,padded design,full-length,None,None,long logo padded coat,classic hood,long sleeves,None
19392177,leopard print,number patch to the sleeve,"silk blend, cotton",None,None,shawl lapels,None,belted waist,None,long sleeves,None
20509226,black,"crystal embellishment, sequin detailing, shoulder pads",None,None,cropped,None,None,cape design,None,extra-long sleeves,None
15475377,Black/white,logo jacquard-woven,wool-cashmere blend,ribbed edge,None,None,None,cape,classic hood,half-length sleeves,None
19177389,beige,pleated skirt,cotton,None,None,wide notch lapels,None,A-line,None,long sleeves,None
12926148,midnight blue,signature checked lining,cotton,None,None,notched collar,None,trench coat,None,long sleeves,None
20872261,cedar brown,shoulder pads,faux leather,None,None,wide notch lapels,None,None,None,long sleeves,straight hem
20152721,powder pink,belted waist,alpaca wool-blend,bouclé design,None,notched lapels,None,single-breasted,None,long sleeves,straight hem
19940153,black,belted waist,None,None,None,notched lapels,None,double-breasted,None,long sleeves,None
20925648,dark grey,belted waist,wool-cashmere blend,None,None,None,high neck,None,None,long sleeves,straight hem
16122656,"Camel beige, Vintage Check pattern",fringe detailing,wool-cashmere blend,None,None,None,open front,cape,None,None,None
18248423,pink,double-breasted button fastening,wool,None,mid-length,None,None,double-breasted coat,None,long sleeves,rear slit
15464657,Black,notched lapels,wool-cashmere blend,knitted construction,None,None,None,Cenda double-face belted coat,None,long sleeves,None
17995445,Grey/black chevron-pattern,"jetted chest pocket, two front flap pockets, central rear vent",None,None,long,notched lapels,None,single-breasted,None,long sleeves,None
19507436,black,logo patch,goose down,padded,None,None,None,quilted,classic hood,None,None
21413352,"forest green, cyan blue, plaid check pattern","reversible, belted waist",cotton,None,mid-length,notched collar,open front,trench coat,None,long sleeves,None
19246448,camel brown,"pleat detailing, storm flap","wool blend, cotton",None,None,notched lapels,None,double-breasted trench coat,None,long sleeves,None
19906715,beige,front toggle fastening,cotton,faux-fur design,None,funnel neck,None,None,classic hood,long sleeves,None
18836157,black,logo patch at the chest,feather down,padded,None,None,None,parka,drawstring hood,long sleeves,None
20507543,silver-tone,"['crystal embellishment', 'bead detailing', 'sequin detailing']",semi-sheer,crystal embellishment,floor-length,front hook and eye fastening,None,cape,None,None,None
20851086,white,logo patch at the sleeve,"['duck down', 'duck feather']","['quilted', 'padded']",None,None,None,parka,classic hood,long sleeves,straight hem
14552177,Black,"belted waist, side slit pockets, ribbed cuffs, padded",feather down,None,long length,None,None,maxi down coat,hood,long sleeves,None
15517074,Khaki,"storm flap, tonal stitching, belted cuffs, buttoned epaulettes",cotton gabardine,water-repellent,below-knee,notched lapels,None,belted double-breasted trench coat,None,long raglan sleeves,central rear vent
20869221,black,interwoven design,wool,full lining,None,notched lapels,None,peacoat,None,long sleeves,buttoned central rear vent
20241147,black,"belted cuffs, belted waist, gold-tone hardware",wool blend,None,None,notched lapels,None,trench jacket,None,long sleeves,straight hem
20889318,"medium grey, dark grey","reversible, detachable waist belt","sheepskin, shearling",None,knee-length,None,round neck,None,None,long sleeves,straight hem
20471191,sand beige,braided edge,wool,faux-shearling design,mid-length,classic lapels,None,double-breasted coat,None,long sleeves,rear slit
20514813,black,logo patch at the sleeve,goose down,padded design,mid-length,stand-up collar,None,fitted waistline,classic hood,long sleeves,straight hem
20377628,olive green,logo-patch,down-feather filling,padded design,below-knee length,None,funnel neck,None,classic hood,"long sleeves, fitted-cuff sleeves",None
18984797,black,button fastening,cashmere,None,mid-length,classic lapels,None,single-breasted fitted,None,long sleeves,None
19651116,navy blue,logo patch at the chest,None,None,None,None,None,parka,classic hood,long sleeves,straight hem
17863509,Yellow/brown herringbone,paint splatter,wool-blend,logo patch,long,wide peak lapels,None,Berhen long coat,None,long sleeves,None
19351095,black,"logo-print, enamel triangle logo",Re-Nylon,None,calf-length,None,high neck,belted waist,None,"long sleeves, elasticated cuffs",None
20578532,check print,contrasting collar,None,None,calf-length,contrasting collar,None,A-line,None,long sleeves,None
19748729,black,silver-tone hardware,None,padded design,None,None,None,belted-waist coat,drawstring hood,long sleeves,straight hem
19302390,black,logo print at the sleeve,feather down,padded,None,high neck,None,hooded coat,hooded,long sleeves,straight hem
19216272,optical white,storm flap,"recycled polyester, recycled down",padded design,None,None,high neck,None,None,long sleeves,None
19106003,black,padded design,feather down,high-shine finish,None,None,high neck,puffer coat,None,long sleeves,straight hem
19919220,"teal blue, floral embroidery","belted waist, open front",None,None,floor-length,None,None,None,None,long wide sleeves,None
19738056,white/black,contrasting trim,feather down,quilted,None,classic collar,None,flared,None,None,flared hem
19707481,chocolate brown,classic lapels,merino wool blend,None,mid-calf,V-neck,None,None,None,long,straight
20067056,camel brown,"leather trim, jacquard logo motif, signature La Greca print",canvas,None,knee-length,notched collar,None,trench coat,None,long sleeves,straight hem
18173369,Brown,double-breasted button fastening,wool-cashmere blend,None,None,notched lapels,None,peacoat,None,long sleeves,straight hem
19390331,leopard print,open front,faux-fur,None,floor-length,None,None,None,None,long sleeves,None
20870212,camel brown,checkered lining,cotton,gabardine weave,mid-length,spread collar,None,hooded raincoat,detachable hood,long sleeves,None
20614868,sand beige,notched lapels,wool-cashmere blend,open front,None,notched lapels,None,wrap coat,None,long sleeves,None
20485126,cloud white,beaded trim,goose down,padded,above-knee,funnel neck,None,gilet,classic hood,sleeveless,straight hem
20869300,"camel brown, check print","embroidered logo at the chest, signature Equestrian Knight motif",wool-cashmere blend,"fleece texture, padded design",None,None,high neck,belted waist,None,"long wide sleeves, elasticated cuffs",None
17615444,Black/grey,two-tone design,wool blend,None,None,None,None,A-line skirt,None,long sleeves,None
18518666,coffee brown,padded design,None,None,mid-length,None,high neck,puffer coat,None,long sleeves,None
18656094,jet black,belted waist,cotton/calf leather,None,Long,classic collar,None,trench coat,None,long sleeves,None
18457672,black,front button fastening,wool-cashmere blend,None,mid-calf length,classic lapels,None,None,None,None,None
20149623,black,"belted waist, rear cape insert, buttoned cuffs",wool,None,mid-calf,notched lapels,None,double-breasted coat,None,long sleeves,straight hem
16444083,White,double breasted,cashmere-wool blend,None,full-length,notched lapels,None,Borneo,None,long sleeves,central rear vent
21418053,black,buttoned cuffs,shearling,None,None,wide notch lapels,None,double-breasted,None,long sleeves,straight hem
20934246,black,peak lapels,cashmere,None,mid-length,None,peak lapels,double-breasted,None,long sleeves,straight hem
19371451,"sand beige, blue","logo print at the hood, epaulettes, storm flap, belted waist, central rear vent",cotton,None,floor-length,None,None,layered design,classic hood,"long sleeves, buttoned cuffs",None
18935524,black,belted waist,virgin wool,concealed front fastening,mid-length,wide notch lapels,None,None,None,long sleeves,straight hem
16580742,Brown/beige,laser-cut detail,cotton blend,faux-fur,None,shawl lapels,None,None,None,long sleeves,None
20871597,ivory white,tie-waist,faux-shearling,fully lined,mid-calf length,wide notch lapels,None,tie-waist coat,None,long sleeves,None
15819729,black,belted waist,None,None,None,None,None,trench coat,detachable hood,belted cuffs,central rear vent
18585627,steel blue,quilted,goose down,padded,None,None,None,None,classic hood,long sleeves,straight hem
18654799,black,tassel detail,wool blend,embroidered,None,attached scarf,None,drop shoulder,None,long sleeves,None
17271134,black,logo patch at the sleeve,feather down,padded design,mid-length,None,None,None,classic hood,long sleeves,curved hem
19202627,cobalt blue,"['quilted panels', 'embroidered logo', 'sleeve zip pocket', 'elasticated waistband', 'self-tie fastening']",down-feather filling,None,oversized,high neck,high neck,oversized parka,None,"['drop shoulder', 'long sleeves']",None
20001041,blue,"mid wash, faded effect, storm flap","cotton blend, denim",None,None,"faux-fur collar, detachable collar",None,trench coat,None,"drop shoulder, long sleeves, belted cuffs","straight hem, central rear vent"
21325153,off-white,faux-fur design,mohair blend,faux-fur,below-knee length,notched lapels,None,None,None,long sleeves,straight hem
21344164,black,silver-tone logo plaque,feather down,padded design,None,None,funnel neck,belted,detachable hood,long sleeves,None
18832275,"archive beige, black, jacquard logo motif",leather trim,cotton-wool blend,None,None,None,None,cape,slouchy hood,None,None
21296392,black,"peak lapels, chest welt pocket, two front flap pockets, central rear vent",virgin wool blend,None,below-knee,peak lapels,None,double-breasted,None,"long sleeves, buttoned cuffs",None
17131263,Black,padded design,cotton blend/feather down,None,None,None,None,parka,classic hood,long sleeves,None
19673007,khaki,down-feather filling,None,padded design,cropped,funnel neck,None,None,None,long sleeves,drawstring hem
20243974,light beige,quilted,cashmere,None,None,None,None,reversible,drawstring hood,sleeveless,elasticated hem
18827434,black,"['down-feather filling', 'quilted', 'logo patch at the chest']",None,padded,None,stand-up collar,None,gilet,None,sleeveless,None
19972285,khaki,layered details,None,None,None,None,V-neck,waistcoat,None,sleeveless,straight hem
17974163,Blue,logo patch at the chest,None,padded design,None,None,None,gilet,None,sleeveless,None
20103156,navy blue,peak lapels,cotton,None,cropped,None,None,asymmetric,None,sleeveless,asymmetric hem
20273003,black,draped panel detail,down-feather filling,quilted,asymmetric,None,None,asymmetric design,None,sleeveless,None
20473190,beige,logo patch at the chest,down-feather filling,"water-repellent, windproof, ripstop texture",straight hem,press-stud fastening collar,high neck,padded design,None,sleeveless,straight hem
18545997,grey,two side welt pockets,wool blend,adjustable fit,None,V-neck,None,tailored waistcoat,None,sleeveless,None
18897158,black,padded design,duck down,None,None,high neck,None,puffer vest,None,sleeveless,straight hem
17347245,Navy-blue,"logo patch to the front, panelled design",recycled polyamide-blend,padded,None,None,None,zip-up gilet,None,sleeveless,None
19649424,ivory white,belted waist,feather down,quilted finish,straight hem,stand-up collar,None,detached-sleeve,drawstring hood,detachable sleeves,straight hem
19761155,light beige,concealed front fastening,"cotton, virgin wool blend",None,None,round neck,round neck,gilet,None,sleeveless,straight hem
21257564,ash grey,logo patch at the chest,down-feather filling,padded,None,None,high neck,gilet,None,sleeveless,None
20152730,camel brown,logo print at the chest,duck feather,padded design,None,None,funnel neck,drawstring-waist puffer jacket,classic hood,long sleeves,None
19991812,navy blue,"padded design, quilted",down-feather filling,water-resistant,None,stand-up collar,None,gilet,drawstring hood,sleeveless,drawstring hem
20306726,light pink,logo patch at the chest,down-feather filling,padded,straight hem,funnel neck,funnel neck,gilet,None,sleeveless,straight hem
19855331,brown,vertical-stripe,cotton-wool blend,knitted construction,None,None,open front,gilet,None,sleeveless,frayed hem
19476942,grey,tonal logo plaque,down-feather filling,water-repellent finish,None,None,None,gilet,classic hood,None,drawstring hem
20197812,light blue,logo patch to the rear,cotton,None,cropped,straight-point collar,None,Shrunken cropped denim gilet,None,sleeveless,straight hem
17703343,black,dart detailing,TENCEL??POSITIVELY CONSCIOUS,None,None,V-neck,single-breasted waistcoat,None,sleeveless,None,None
20472298,auburn brown,front button fastening,cotton blend,velvet,None,None,V-neck,waistcoat,None,sleeveless,None
20932236,"charcoal grey, vertical stripe pattern",chest welt pocket,wool,None,cropped,None,V-neck,cropped waistcoat,None,sleeveless,None
20187225,light blue,logo patch at the chest,feather down,padded design,None,None,high neck,gilet,None,sleeveless,straight hem
20046053,leopard-print,silver-tone logo plaque,cotton blend,padded design,None,None,high neck,gilet,None,sleeveless,straight hem
19676104,yellow,logo patch to the front,goose down,padded design,None,None,None,quilted gilet,classic hood,sleeveless,None
19618982,"multicolour, graffiti print",padded design,down-feather filling,None,None,funnel neck,funnel neck,gilet,drawstring hood,sleeveless,drawstring hem
20976058,black,logo patch at the chest,duck down,quilted,None,funnel neck,None,puffer vest,None,sleeveless,straight hem
20178739,"blue, abstract pattern print","quilted, padded design",cotton,None,None,round neck,round neck,gilet,None,sleeveless,straight hem
20250175,"multicolour, houndstooth print",two front jetted pockets,virgin wool,None,None,None,plunging V-neck,waistcoat,None,sleeveless,straight hem
19618984,mint green,logo-print drawstring,down-feather filling,padded,None,None,funnel neck,quilted,drawstring hood,sleeveless,straight hem
20515390,olive green,epaulettes,faux leather,None,None,None,high neck,cargo vest,None,sleeveless,flared hem
18316298,black,logo patch at the chest,feather down,high-shine finish,None,funnel neck,funnel neck,None,None,sleeveless,straight hem
19025519,black,logo patch at the sleeve,duck feather,padded design,mid-length,None,None,belted puffer coat,None,long sleeves,None
19077590,rose pink,"logo patch at the chest, two chest flap pockets",goose down,quilted finish,None,None,None,gilet,None,sleeveless,None
20244932,sand beige,corduroy,cotton,silk lining,None,None,V-neck,waistcoat,None,sleeveless,None
19669508,silver-tone,logo patch at the chest,down-feather filling,padded,None,None,high neck,gilet,None,sleeveless,straight hem
18923037,grey,padded,feather down,quilted,None,None,None,asymmetric,drawstring hood,detachable sleeves,asymmetric hem
20851095,light grey,logo patch at the chest,duck down,quilted,None,funnel neck,None,padded gilet,None,sleeveless,straight hem
19673585,black,quilted,recycled polyester blend,padded,None,None,high neck,Frostguard padded vest,None,sleeveless,straight hem
14774360,Black,logo patch at the chest,None,"quilted, padded",None,None,None,Liane puffer gilet,None,sleeveless,None
19620621,pink,logo-print drawstring,down-feather filling,quilted,None,None,None,gilet,drawstring hood,sleeveless,None
19050610,midnight blue,padded,down-feather filling,None,None,high neck,high neck,oversized,None,sleeveless,None
19024906,cool grey,logo patch at the sleeve,duck feather,padded design,mid-length,None,None,None,None,long sleeves,None
15801650,Black,logo patch at the sleeve,goose down,None,mid-length,None,funnel neck,Flammette puffer coat,concealed hood,long sleeves,None
20473188,black,logo patch to the front,feather down,quilted,None,None,high neck,None,None,sleeveless,straight hem
20851089,black,logo patch at the chest,down-feather filling,padded,None,None,None,gilet,classic hood,sleeveless,straight hem
18681146,black,slogan print,cotton,padded,None,None,None,sleeveless,drawstring hood,sleeveless,None
21356519,black,shearling trim,lambskin,None,None,high neck,high neck,gilet,None,sleeveless,None
18983469,black,quilted,feather down,None,None,None,high neck,gilet,None,sleeveless,None
20308661,ecru,quilted,down-feather,high-shine,mid-length,stand-up collar,None,padded design,None,long sleeves,straight hem
19627442,orange,logo patch at the chest,down-feather filling,None,None,None,high neck,padded gilet,None,sleeveless,None
19993815,check print,padded design,virgin wool blend,None,None,funnel neck,funnel neck,gilet,None,sleeveless,None
20140790,light beige,faux shearling,faux shearling,None,None,round neck,round,gilet,None,sleeveless,straight hem
20161077,almond beige,central rear vent,cotton blend,full lining,None,None,V-neck,single-breasted waistcoat,None,sleeveless,None
20879353,black,quilted,down-feather,padded,None,None,funnel neck,hooded gilet,drawstring hood,sleeveless,drawstring hem
19953464,"beige, ecru, black","VLogo Signature, fringed edge",virgin wool blend,None,None,None,open front,draped design,None,None,asymmetric hem
