id,Design,Color/Print/Pattern,Detail,Neckline,Material,Hem,Sleeves,Length,Shoulder,Waist/Waistline,Trim
20843282,Genie,black/multicolour,"stretch-design, high neck, thigh-length",high neck,None,straight hem,extra-long sleeves,thigh-length,None,None,None
19973074,bustier cut-out,light blue,cut-out detailing,strapless,stretch-cotton,raw-cut hem,None,mid-length,None,fitted waistline,peplum hem
19907757,maxi dress,black,contrasting trim,sweetheart neck,stretch-design,straight hem,None,ankle-length,None,None,contrasting trim
20619156,wrap,"blue, multicolour, floral print",crossover neck,crossover neck,cotton,straight hem,long sleeves,long length,None,None,None
20646804,wrap,rose pink,gathered detailing,scoop neck,satin,ankle-length,None,maxi,adjustable spaghetti straps,None,None
18324724,slip silhouette,black,spaghetti straps,V-neck,silk,ankle-length,None,maxi,None,None,None
20655089,wrap,blush pink,voile,V-neck,cotton,A-line skirt,long puff sleeves,minidress,None,side tie fastening,elasticated cuffs
21091430,La Robe Taffetas minidress,light pink,concealed rear zip fastening,off-shoulder,cotton blend,straight hem,long sleeves,minidress,off-shoulder,None,None
19917351,shirtdress,cream white,spread collar,collar,silk,high-low,long sleeves,thigh-length,None,None,None
19909061,dress,green,gathered detailing,round neck,None,None,short sleeves,None,None,None,None
17128767,maxi dress,White,guipure lace panelling,V-neck,cotton-blend,tiered skirt,spaghetti straps,ankle-length,None,None,None
19907759,Sylvie midi dress,butter yellow,ruched detailing,sweetheart neck,None,curved hem,sleeveless,mid-length,spaghetti straps,None,None
19492431,shirred cotton midi dress,brown,shirred panel,square neck,cotton,mid-length,None,mid-length,thin shoulder straps,None,None
20127219,tiered skirt,black/white,ruffled detailing,V-neck,silk,midi,long sleeves,midi,None,None,polka dot print
16615550,None,None,None,None,None,None,None,None,None,None,None
19915667,Candita,cornflower blue,scarf detailing,V-neck,silk,ruffle hem,None,ankle-length,spaghetti straps,None,godet pleats
20970188,godet design,"ivory white, chocolate brown, vertical stripe pattern","ruffled detailing, attached scarf",V-neck,None,flared hem,sleeveless,mid-length,None,None,None
19618997,Devi,"peach orange, paisley print",spaghetti straps,square neck,linen,mid-calf length,None,mid-calf length,None,None,None
20178747,maxi dress,cream white,ruched detailing,polo collar,silk-cotton blend,straight hem,long sleeves,ankle-length,None,None,semi-sheer construction
19621011,wrap,floral-print,all-over floral print,V-neck,cotton,A-line,balloon sleeves,thigh-length,None,tied waist,None
19401746,draped,bright pink,rear slit,round neck,None,straight hem,long sleeves,floor-length,None,None,None
20503815,stretch-design,black,crepe texture,plunging U-neck,None,straight hem,long sleeves,thigh-length,off-shoulder,None,None
19618990,Vacay midi dress,"green/multicolour, all-over floral print","gathered detailing, tie detail",sweetheart neck,cotton,None,strapless,calf-length,None,None,None
19619842,shirtdress,"multicolour, paisley print, mix print",tied waist,classic collar,silk,mid-length,three-quarter length sleeves,mid-length,None,tied waist,front button placket
17829594,Alice,Black,"cut-out detailing, floral-lace detailing, heart-shaped buttons",off-shoulder,None,straight hem,half-length sleeves,thigh-length,None,None,None
20291806,slip,"multicolour, all-over graphic print",chain-link shoulder strap,square neck,None,asymmetric hem,sleeveless,mid-length,chain-link shoulder strap,None,None
19906417,Kieryan midi dress,black,"lace detailing, smocked panel, tied waist, concealed rear zip fastening",sweetheart neck,linen,mid-length,spaghetti straps,midi,None,tied waist,None
21258492,dress,black polka dot,gathered detailing,V-neck,silk,None,long sleeves,long-sleeve,None,None,None
19510119,Eliana wide-sleeve maxi dress,black/white,crepe texture,off-shoulder,None,rear slit,long wide sleeves,long length,off-shoulder,None,None
19682506,asymmetric,botanical-print,gathered detailing,crew neck,semi-sheer construction,asymmetric hem,sleeveless,None,None,None,None
19383557,draped,black,spread collar,plunging V-neck,silk,thigh-length,long sleeves,minidress,None,None,None
20199472,tiered skirt,black,ruffle hem,square neck,linen/flax,ruffle hem,None,below-knee length,wide shoulder straps,fitted waistline,None
20176811,Venus wire-detail maxi,black,"cut-out detailing, wire detail, ruched detailing",round neck,stretch-design,floor-length,long sleeves,maxi,None,None,None
20374627,belted-waist cotton dress,taupe brown,detachable and adjustable waist belt,high neck,cotton,straight hem,long sleeves,calf-length,None,belted-waist,None
19917359,Amalfi,black,stretch-design,halterneck,None,None,sleeveless,ankle-length,None,None,None
19907769,bodycon,ruby red,draped,off-shoulder,stretch,thigh-length,short,mini,off-shoulder,None,None
20180556,A-line,fuchsia pink,"ruffled detailing, cut-out detailing, semi-sheer overlay",plunging V-neck,chiffon,high-low hem,short sleeves,maxi,scoop back,None,None
19907332,column silhouette,terracotta brown,side slit,square neck,satin weave,straight hem,spaghetti straps,ankle-length,rear tie fastening,None,None
20505376,minidress,red,off-shoulder,square neck,silk,flared hem,None,thigh-length,off-shoulder,None,None
20635934,minidress,"brown, beige","cut-out detailing, Medusa Head motif, silver-tone hardware",sweetheart neck,jacquard,straight hem,sleeveless,thigh-length,None,None,None
19949170,floral-print dress,"ecru, multicolour, all-over floral print",adjustable spaghetti straps,None,None,below-knee length,sleeveless,below-knee length,None,None,None
19906416,panelled design,blue,strapless,strapless,organic cotton blend,straight hem,None,mid-length,None,None,None
20537445,asymmetrical-train gown,black,semi-sheer construction,square neck,stretch-design,asymmetric hem,long sleeves,train,None,rear tie fastening,None
16280949,asymmetric,gold,"metallic pleated, side-button ruched detail",spaghetti straps,viscose-blend,None,None,None,None,None,None
20623431,tiered skirt,floral-print,cut-out detailing,square neck,ramie-voile,ruffle hem,None,calf-length,wide shoulder straps,boned bodice,embroidered edge
19906420,halterneck tie fastening,green,rear tie fastening,halterneck,silk,floor-length,sleeveless,floor-length,None,None,None
19633714,panelled,black,open knit,high neck,None,None,long sleeves,minidress,None,None,None
19832303,draped dress,black,"cut-out detailing, knot detailing, draped panel detail",halterneck,stretch-jersey,None,sleeveless,None,None,None,None
18690338,stretch-design,black,"['sheer panelling', 'cut-out detailing', 'silver-tone logo lettering']",round neck,sheer,None,long sleeves,None,None,None,None
20169859,one-shoulder maxi dress,black,side slit,high neck,None,floor-length,sleeveless,maxi,one-shoulder,None,None
19618996,spliced mini dress,multicolour,"all-over graphic print, concealed rear zip fastening, flared skirt",round neck,linen,thigh-length,short sleeves,thigh-length,None,flared skirt,lace trim
19906427,A-line skirt,floral print,bow detailing,V-neck,None,None,long sleeves,mini,None,None,None
20101577,crochet-knit sheer minidress,black,"open back, rear criss-cross straps, rear tie fastening",scoop neck,crochet knit,None,sleeveless,mini,spaghetti straps,None,None
17919797,draped,black,feather-trim detailing,one-shoulder,None,maxi,None,maxi,one-shoulder,None,feather-trim
20140809,corset style,ink blue/black,open knit,halterneck,None,straight hem,long sleeves,minidress,None,boned bodice,None
20898738,maxi dress,"['navy blue', 'multicolour', 'polka dot print', 'paisley print']","['lace', 'plunging', 'concealed rear zip fastening', 'fitted', 'flared']","['V-neck', 'V-back']",None,floor-length,sleeveless,floor-length,None,fitted waistline,lace trim
19400519,button-embellished ruched maxi dress,gold-tone,"lurex detailing, metallic finish, ruched detailing, side slit, button embellishment",square neck,None,None,sleeveless,maxi,None,None,None
19907222,Verdant Falls,None,"semi-sheer panels, draped detailing, cut-out detailing, side drawstring fastening",crew neck,silk satin,long length,sleeveless,maxi,None,None,None
20475256,A-line skirt,black,poplin texture,square neck,stretch organic cotton,calf-length,None,midi,None,rear elasticated waistband,"rear criss-cross straps, rear tie fastening"
20273456,layered maxi dress,abstract-print,"['stretch-design', 'spaghetti straps', 'open back', 'two side inset pockets']",V-neck,cotton,ankle-length,None,maxi,None,drop waist,None
19908607,draped design,red,cut-out detailing,sweetheart neck,silk,asymmetric hem,None,None,one-shoulder,None,mousseline
18245784,A-line dress,black,matelassé detailing,square neck,Lisbeth matelassé,straight hem,None,None,thin shoulder straps,empire line,side tie fastening
20066440,Allover-jacquard minidress,rose pink,"['jacquard logo motif', 'signature La Greca print']",round neck,"['cotton blend', 'lambskin']",straight hem,sleeveless,mini,None,None,leather trim
19073477,button-down fastening dress,cloud white,two front flap pockets,round neck,cotton blend,None,sleeveless,None,None,None,exposed rear zip fastening
20046888,minidress,black,"bow detailing, keyhole detail to the rear",halterneck,None,thigh-length,sleeveless,thigh-length,None,None,None
20833648,one-shoulder ruffled minidress,pink,ruched detailing,one-shoulder,crepe,straight hem,None,above-knee,one-shoulder,None,ruffled trim
20227989,draped-detail maxi dress,blue,draped detailing,plunging V-neck,None,asymmetric hem,sleeveless,ankle-length,None,None,None
20046014,pencil midi dress,Majolica print,"concealed rear zip fastening, central rear vent",round neck,stretch-silk,None,long sleeves,mid-calf length,None,None,None
19468899,one-shoulder minidress,black,"draped detailing, ruffled detailing",asymmetric neck,recycled or upcycled materials,None,None,mini,one-shoulder,None,None
19620648,minidress,White/golden,patterned floral print,band collar,cotton,None,balloon sleeves,mini,None,None,front button fastening
20045230,minidress,black,ruched detailing,high neck,None,straight hem,long sleeves,thigh-length,None,None,None
19908601,pleated asymmetric dress,bronze-tone,fully pleated,one-shoulder,silk,asymmetric hem,sleeveless,calf-length,one-shoulder,None,None
19657783,maxi dress,light blue,sheer panels,round neck,recycled polyester,None,short puff sleeves,maxi,None,None,None
20045253,minidress,cherry-print,exposed rear zip fastening,round neck,stretch-design,thigh-length,long sleeves,thigh-length,None,None,None
20466676,tiered,black,"pleat detailing, organza panels",sweetheart neck,cotton,thigh-length,None,minidress,spaghetti straps,None,None
19922704,gown,cream white,floral-appliqué,strapless,stretch-jersey,side slit,None,None,None,ruched detailing,None
20142300,Golda gathered cut-out dress,black,"gathered detailing, cut-out detailing",round neck,cotton,straight hem,"short puff sleeves, elasticated cuffs",mid-calf length,None,fitted waistline,None
20324675,asymmetric,multicolour,embroidered logo,round neck,stretch-design,asymmetric hem,sleeveless,mid-length,None,fitted waistline,None
20045838,Barrow silk satin dress,pastel blue,ruched detailing,strapless,silk satin,front slit,None,None,None,smocked panel,None
15696204,fitted,White,feather-trim detailing,strapless,None,mid-length,None,midi,None,None,feather-trim
19620640,Devi paisley-print linen dress,white/multicolour,paisley print,stand-up collar,linen,mid-length,long sleeves,mid-length,None,tied waist,None
19906735,crochet knit,burgundy,"sequin embellishment, cut-out detailing, side slit",scoop neck,None,None,long sleeves,long length,None,None,front hook and eye fastening
20473590,bias cut,multicolour,all-over floral print,strapless,silk,mid-length,None,mid-length,None,None,charmeuse
18842654,T-shirt dress,white,embroidered logo at the chest,crew neck,organic cotton,straight hem,short sleeves,None,None,None,fine ribbed
19172449,shift dress,light pink,semi-sheer construction,round neck,lace,scallop hem,short sleeves,mid-length,sleeveless,None,lace trim
19657723,two-tone design,black/white,spaghetti straps,V-neck,satin finish,straight hem,None,ankle-length,None,None,None
20383567,maxi dress,ivory white,sheer lace overlay,round neck,lace,scallop hem,long sleeves,long length,None,None,flutter sleeves
20955770,asymmetric,blue,panelled design,square neck,cotton,side slit,spaghetti straps,mid-length,None,None,None
20270850,maxi dress,emerald green,lurex detailing,cowl neck,None,floor-length,None,None,spaghetti straps,open back,None
19403547,long-sleeve dress,ivory white,feather-trim detailing,round neck,silk,None,long sleeves,None,None,None,feather-trim
20103121,minidress,black,"['crystal embellishment', 'mesh detailing', 'ruffled detailing']",strapless,None,None,None,thigh-length,None,None,None
20062893,stretch-design,cream white,"['bead detailing', 'ruffled detailing', 'gathered neckline', 'fringed edge']",gathered neckline,None,fringed edge,short sleeves,mid-length,None,None,None
20103126,flared,all-over floral print,"pleat detailing, rear criss-cross straps, rear tie fastening",None,recycled polyester blend,flared hem,short puff sleeves,midi,None,None,None
19658118,draped,white,draped detailing,square neck,stretch-silk,flared,None,None,thin shoulder straps,None,None
19172454,stretch-design,leopard print,ruched detailing,round neck,None,straight hem,long sleeves,mid-length,None,None,None
20103110,Jessica frilled midi dress,ivory white,pleat detailing,square neck,linen blend,flared hem,short puff sleeves,mid-length,None,None,frilled neckline
20045213,bustier dress,Majolica print,"pleated skirt, smocked panel",sweetheart neck,cotton,calf-length,sleeveless,calf-length,None,None,None
19403549,Piccolo Ubud,ivory,"['sequin embellishment', 'ostrich feather', 'feather-trim detailing']",one-shoulder,None,thigh-length,single long sleeve,minidress,off-shoulder,None,feather-trim
20241983,layered virgin wool maxi dress,"bubblegum pink, bright red",contrasting trim,crew neck,virgin wool,floor-length,short sleeves,maxi,None,None,contrasting
19907897,gown,fern green,fully pleated,plunging U-neck,None,None,flute sleeves,long length,None,None,rear lace-up fastening
19658116,mini dress,fuchsia pink,heart cut,off-shoulder,None,straight hem,long sleeves,mini,off-shoulder,None,None
20265771,layered design,blood red,mesh panelling,U-neck,None,drawstring hem,sleeveless,minidress,chain-link shoulder straps,None,None
19620631,minidress,white,floral-lace detailing,square neck,cotton,scallop edge,spaghetti straps,thigh-length,None,None,None
19434730,Thelma puff-sleeve dress,white,"['textured finish', 'crinkled finish', 'empire line', 'full skirt', 'Conscious']",round neck,silk blend,above-knee length,short puff sleeves,above-knee,drop shoulder,empire line,None
17126531,minidress,Black,crochet-trim,halterneck,None,scallop edge,None,A-line skirt,None,None,scallop edge
20179532,wrap design,paisley print,self-tie fastening,V-neck,cotton,flared skirt,long puff sleeves,None,None,None,None
20664896,minidress,forest green,"logo-engraved gold-tone hardware, front button fastening, jetted chest pocket, two front flap pockets",V-neck,bouclé,frayed edge,sleeveless,thigh-length,None,None,frayed edge
19761170,Garden,navy blue,lace-up detailing,V-neck,linen/flax,straight hem,short puff sleeves,calf-length,None,None,None
20045840,pleated,ochre gold,lurex detailing,crew neck,lurex,straight hem,long sleeves,floor-length,None,None,None
20043985,shift style,Majolica print,None,round neck,None,straight hem,sleeveless,mini,None,None,None
20228522,denim dress,light blue,contrast stitching,classic collar,cotton,central rear vent,long sleeves,mid-length,None,None,"two chest patch pockets, two side slit pockets"
18835573,halterneck dress,black/white,"logo-embellished, logo print to the front, logo patch to the rear",halterneck,organic cotton blend,thigh-length,None,thigh-length,spaghetti straps,None,contrasting trim
19948597,La Mini Robe Chouchou,off-white,drawstring waist,square neck,stretch-jersey,straight hem,"detachable sleeves, short puff sleeves",thigh-length,None,drawstring waist,None
20103116,pleated skirt,ivory white,faux-pearl detailing,round neck,cotton,None,sleeveless,None,None,None,None
19658117,Lotus Flower silk maxi dress,white,semi-sheer panels,V-neck,satin,long length,None,maxi,adjustable spaghetti straps,None,None
19491920,halterneck minidress,"royal blue, white, ditsy floral print","cut-out detailing, ruched bodice",halterneck,organic cotton,flared hem,None,thigh-length,None,None,poplin texture
20045212,mini dress,Carretto-print,Sicilian carretto print,round neck,cotton,thigh-length,sleeveless,thigh-length,None,None,None
19907891,Siona plissé-effect dress,opal,"iridescent, plissé effect, gathered detailing, sash detail, side slit",square neck,None,flared,spaghetti straps,None,None,None,rear tie fastening
20072803,midi dress,floral print,front tie fastening,sweetheart neck,silk,front slit,cap sleeves,ankle-length,None,None,lace trim
19683125,cut-out maxi dress,emerald green,metallic threading,halterneck tie fastening,None,maxi,sleeveless,None,None,None,silver-tone hardware
20813665,Halcyon,"light blue, yellow, paisley print",cut-out detailing,plunging V-neck,cotton,mid-calf length,three-quarter length sleeves,midi,None,None,"front tie fastening, rear zip fastening"
19440887,Ella maxi dress,forest green,rear criss-cross straps,scoop neck,cotton blend,None,spaghetti straps,maxi,None,None,None
20473585,maxi dress,"rose pink, all-over floral print","cut-out detailing, gathered detailing","V-neck, halterneck tie fastening",silk,straight hem,sleeveless,ankle-length,rear button fastening,None,None
19620655,flared,white/multicolour,all-over floral print,V-neck,cotton/linen,flared skirt,long puff sleeves,above-knee,None,fitted waistline,None
19951014,minidress,apple green,VGold detail,round neck,virgin wool blend,straight hem,short sleeves,mini,None,None,contrasting trim
19664112,La Robe Bahia draped shirtdress,khaki,draped detailing,plunging V-neck,None,None,long sleeves,above-knee length,None,None,buttoned cuffs
20044994,shirtdress,floral-print,heart-shaped buttons,pointed flat collar,silk,straight hem,long sleeves,thigh-length,None,belted waist,None
19948596,draped,sand beige,tied waist,plunge style,None,asymmetric,long sleeves,thigh-length,None,tied waist,None
20991720,A-line,black,3D detailing,round neck,recycled polyester,straight hem,balloon sleeves,minidress,None,None,None
20044993,Luminosity,"burgundy, floral print","gathered detailing, pleated skirt",high neck,silk,calf-length,long sleeves,calf-length,shoulder pads,tied waist,None
20525818,Butterfly cut-out,powder pink,crystal embellishment,V-neck,stretch-design,straight hem,None,mini,None,None,None
20197882,smocked panel,olive brown,front slit,square neck,silk,midi length,adjustable spaghetti straps,midi,None,None,satin finish
20839966,asymmetric twist-detail pleated,citron pale yellow,cut-out detailing,round neck,satin finish,high-low hem,short sleeves,None,None,None,None
20486280,bandeau strapless,cerise pink,flared,strapless,None,None,sleeveless,long,strapless,fitted,None
19471103,asymmetric-design,black,cut-out detailing,round neck,None,slit detailing,long sleeves,None,None,None,None
19908283,graphic-print silk midi dress,multicolour,all-over graphic print,high neck,silk,ruffle hem,long sleeves,mid-calf length,None,None,"front teardrop fastening, buttoned cuffs"
20525811,cut-out crystal-embellished minidress,optical white,"crystal embellishment, cut-out detailing, gathered detailing",halterneck,cotton,flared skirt,None,thigh-length,None,None,"lobster claw fastening, rear criss-cross straps, rear tie fastening"
20186794,bodycon design,black,ruched detailing,square neck,satin,maxi,None,maxi,tie-fastening straps,stretch-design,None
20046868,Esa,asparagus green,fabric-covered buttons,V-neck,silk,None,None,None,None,fitted waistline,None
20841627,stretch-design,all-over floral print,holographic effect,cowl neck,None,straight hem,None,floor-length,None,fitted waistline,None
20905041,knitted dress,red,strap detailing,None,None,straight hem,long sleeves,None,None,None,None
20047000,minidress,floral-print,belted waist,band collar,linen and cotton,None,bishop sleeves,mini,None,belted waist,None
20659439,midi dress,garnet,adjustable spaghetti straps,V-neck,mulberry silk,mid-length,sleeveless,mid-length,square open back,None,None
20736082,bustier fluted minidress,grey,two front patch pockets,bustier-style neckline,cotton blend,flared hem,sleeveless,mini,None,None,None
20284367,tiered,white,pleat detailing,square neck,organic cotton,tiered skirt,short puff sleeves,None,None,None,None
19826342,Freya,black/multicolour,"all-over floral print, faux-flower detailing, gathered detailing, side slit",Bardot,silk,side slit,None,mid-calf,Bardot-neckline,None,None
20044212,Majolica-print poplin long dress,"white, red, Majolica print","smocked panel, open back",V-neck,cotton,pleated skirt,None,long length,None,None,None
19947664,A-line skirt,bright red,fitted waistline,square neck,linen,thigh-length,sleeveless,minidress,None,fitted waistline,None
19908598,shirtdress,all-over graphic print,detachable waist belt,classic collar,cotton,straight hem,short sleeves,mid-length,None,None,None
15328288,fitted mini dress,Black,logo print at the chest,high neck,None,thigh-length,short sleeves,thigh-length,None,None,None
20617414,stretch-design,forest green,ruched detailing,V-neck,crushed velvet,straight hem,long sleeves,thigh-length,None,None,None
20047009,minidress,multicolour,all-over floral print,round neck,silk,tiered skirt,long sleeves,thigh-length,None,detachable waist belt,"ruffled trim, picot trim"
20240385,tiered skirt,"turquoise blue-green, all-over floral print","ruffled detailing, smocked panel",square neck,cotton,flared hem,None,maxi,wide shoulder straps,None,None
19949139,La Robe Taffetas minidress,white,corset style,off-shoulder,"stretch-cotton, taffeta","raw-cut hem, straight hem",long puff sleeves,thigh-length,off-shoulder,fitted waistline,raw-cut hem
19658098,asymmetric,violet blue,cut-out detailing,spaghetti straps,satin finish,train,sleeveless,floor-length,None,None,None
20188980,twist-detail minidress,brown,"twist detailing, gathered detailing, logo print at the chest",None,stretch-jersey,thigh-length,long sleeves,thigh-length,None,None,None
13463210,None,None,None,None,None,None,None,None,None,None,None
19829506,dress,red,floral,V-neck,silk,None,long sleeves,above-knee,None,None,None
19933328,maxi dress,black,crystal embellishment,roll neck,velvet,long length,sleeveless,long,None,None,None
19388151,A-line,olive green,twist detailing,plunging V-neck,matte crepe,flared skirt,sleeveless,long length,halterneck,fitted waistline,None
21101033,La Robe Taffetas minidress,white/black,polka dot embroidery,off-shoulder,stretch-cotton,thigh-length,long sleeves,thigh-length,off-shoulder,None,None
19605697,Landscape flared minidress,white,sleeveless,square neck,cotton blend,flared skirt,sleeveless,above-knee length,None,fitted waistline,None
19760386,minidress,mint green,pleat detailing,stand-up collar,None,straight hem,long sleeves,thigh-length,None,None,feather-trim
19832988,open-back slip dress,white,recycled polyester,cowl neck,satin weave,side slits,sleeveless,below-knee length,spaghetti straps,None,rear criss-cross straps
19389070,A-line skirt,ecru,"ruched detailing, cut-out detailing",V-neck,None,straight hem,None,ankle-length,thin shoulder straps,None,rear tie fastening
17007883,stretch-design,Black,seersucker weave,square neck,None,None,sleeveless,mini,None,None,None
21258488,polka-dot jacquard minidress,black/white,embossed silver-tone buttons,halterneck,knitted,pleated,None,mini,None,None,None
20047008,floral-print silk-georgette dress,multicolour,ruffled detailing,round neck,recycled polyester blend,asymmetric hem,long sleeves,calf-length,None,tied waist,ruffle cuffs
19621005,midi dress,white/multicolour,"floral print, stripe detailing",V-neck,linen,ankle-length,None,midi,crossover shoulder straps,None,None
20101591,Florence,black,faux-pearl detailing,round neck,cotton,pleated skirt,sleeveless,None,None,None,None
20895178,mesh dress,black,rhinestone embellishment,sweetheart neck,mesh,asymmetric hem,long sleeves,thigh-length,shoulder pads,fitted waistline,rear tie fastening
20952200,Luminosity Liftoff,black,floral appliqué,high neck,linen-silk blend,flared,short sleeves,above-knee length,semi-sheer panels,detachable waist belt,detachable slip dress
19445287,kaftan,floral print,semi-sheer construction,V-neck,None,floor-length,long sleeves,floor-length,None,None,None
19621002,flared,Ginger floral-print,all-over floral print,crew neck,stretch-cotton,thigh-length,None,minidress,None,None,crochet trim
17125000,corset-style,Black,semi-sheer panels,scoop neck,None,straight hem,sleeveless,thigh-length,None,None,None
20158157,abstract-print satin-finish dress,blue,satin finish,round neck,silk blend,straight hem,asymmetric sleeves,long length,None,None,rear slit
18893063,blazer dress,black,cut-out detailing,notched lapels,virgin wool blend,straight hem,long sleeves,None,None,fitted waistline,None
19445289,Odetta,raspberry pink,belted waist,one-shoulder,crepe,maxi skirt,None,long length,one-shoulder,belted waist,None
18603000,open-back pleated minidress,black,adjustable spaghetti straps,square neck,wool blend,straight hem,None,mini,None,None,None
19929823,butterfly crystal-embellished mini dress,butterfly print,crystal embellishment,underwire cup,virgin wool,straight hem,None,thigh-length,None,None,None
19933327,midi dress,rose red,"feather-trim detailing, rear slit",strapless,None,None,None,mid-length,None,None,feather-trim
20142031,minidress,lime green,scallop edge,sweetheart neck,cotton blend,thigh-length,None,thigh-length,None,None,scallop-detail
19682525,strapless dress,fuchsia pink,"sequin embellishment, feather-trim detailing",strapless,None,thigh-length,None,thigh-length,None,None,feather-trim
20628259,minidress,light blue,seam detailing,strapless,"stretch-cotton, denim",None,None,mini,None,concealed fly and button fastening,None
20482532,metallic-effect V-neck dress,pink,metallic effect,plunging V-neck,stretch-design,straight hem,long sleeves,thigh-length,None,None,None
20920219,bow-embellished,brown,poplin texture,classic collar,cotton,high-low hem and train,long sleeves,None,None,None,"buttoned cuffs, two front flap pockets"
20140795,Monroe,cream white,"heart motif, cut-out detailing, rear slit",round neck,crepe texture,rear slit,long sleeves,mid-length,None,None,None
20938649,draped,anthracite grey,tie strap,cowl neck,stretch-jersey,asymmetric hem,sleeveless,knee-length,None,dropped waist,side tie fastening
19812113,midi dress,fuchsia pink,all-over floral print,sweetheart neck,linen blend,straight hem,short puff sleeves,midi,None,shirred panel,ruffled trim
20471731,gown,plum purple,feather-trim,one-shoulder,ostrich feather,ankle-length,single long sleeve,ankle-length,one-shoulder,None,feather-trim
19760389,Lola midi dress,light pink,side tie fastening,V-neck,None,calf-length,short sleeves,midi,epaulettes,None,None
20009078,pleated open-back dress,fern green,fully pleated,round neck,None,flared,cap sleeves,mid-length,None,fitted waistline,None
20142038,shift style,multicolour,"signature zigzag woven design, macramé detailing",round neck,lamé,straight hem,short sleeves,thigh-length,drop shoulder,None,None
19760345,Albini,pink,structured shoulders,V-neck,silk blend,mid-length,three-quarter length sleeves,midi,structured shoulders,None,None
19907772,cut-out midi dress,black,cut-out detailing,round neck,stretch-design,front slit,long sleeves,calf-length,None,None,None
20412069,draped-panel,paprika orange,"['draped detailing', 'silver-tone stud detailing', 'stretch-design']",scoop neck,None,None,sleeveless,None,None,None,None
17918993,Mrs. Ross fringed dress,black,fringed edge,high neck,None,asymmetric hem,long sleeves,None,None,None,None
16123413,shift style,White,signature Horsebit detail,round neck,wool,straight hem,short sleeves,short-sleeve,None,None,contrasting trim
19619841,minidress,orange,feather-trim,one-shoulder,crepe,straight hem,long sleeves,mini,one-shoulder,None,ostrich feather
19618993,panelled midi dress,cream white,floral-lace,round neck,cotton blend,mid-length,long sleeves,mid-length,boned bodice,boned bodice,None
20047027,draped,"beige, multicolour, all-over floral print","bustier-style neckline, boned bodice, draped design, asymmetric hem, cotton lining",bustier-style,linen-silk blend,asymmetric,strapless,None,strapless,None,None
19509805,Amari maxi dress,black,crepe texture,high neck,None,rear slit,strapless,maxi,None,None,rear zip fastening
20904200,minidress,"almond beige, blue tint, vertical stripe pattern","cut-out detailing, gold-tone logo plaque",crew neck,stretch-cotton,straight hem,sleeveless,above-knee length,None,None,None
21320863,minidress,multicolour,all-over graphic print,crew neck,stretch-design,straight hem,sleeveless,thigh-length,None,None,None
19618994,empire line,"cream white, peach pink, peach orange, all-over floral print",gathered detailing,None,silk,asymmetric hem,long sleeves,None,None,drawstring waist,None
19906425,midi dress,black,smocked panel,V-neck,None,below-knee,short sleeves,below-knee length,None,None,None
19401745,Isa,black,stretch-design,off-shoulder,None,flared,long,mid-length,off-shoulder,None,None
20650931,asymmetric ribbed-knit,black,"plissé effect, crepe texture, twist detailing",V-neck,None,asymmetric hem,long sleeves,thigh-length,"off-shoulder, single shoulder strap",empire line,None
20101588,Gabrielle plunge mini dress,light blue,gathered detailing,V-neck,cotton,straight hem,short puff sleeves,thigh-length,None,None,None
20128230,minidress,"black/white, all-over floral print","ruffled detailing, bow detailing",V-neck,silk,ruffle hem,"long sleeves, ruffle cuffs",thigh-length,None,None,None
20921182,zip-up maxi dress,black,"contrast stitching, distressed finish",round neck,lyocell,straight hem,sleeveless,floor-length,None,None,None
19949723,minidress,"['black', 'ivory white']",bow-detail,off-shoulder,virgin wool-silk blend,None,None,mini,off-shoulder,None,None
19510122,midi dress,black,crepe texture,sweetheart neck,crepe,asymmetric hem,off-shoulder,midi,off-shoulder,fitted waistline,front slit
20044204,midi dress,Majolica print,concealed rear zip fastening,round neck,silk blend,straight hem,short sleeves,knee-length,None,None,None
20113213,minidress,"gold-tone, black","sequin embellishment, decorative button detailing",high neck,None,straight hem,long sleeves,mini,shoulder pads,fitted waistline,None
19687047,minidress,black,embossed gold-tone buttons,square neck,mesh,None,long sleeves,mini,off-shoulder,None,None
19548661,minidress,silver-tone,chainmail detailing,cowl neck,chainmail,straight hem,None,thigh-length,None,None,None
19907753,knitted maxi dress,black,contrasting trim,plunging U-neck,fine knit,straight hem,spaghetti straps,floor-length,None,open back,contrasting trim
20141661,Melia Fresca-print maxi dress,black/multicolour,all-over floral print,sweetheart neck,cotton blend,scallop hem,None,maxi,thin shoulder straps,None,lace trim
20176814,Orbit cut-out,black,"silver-tone hardware, cut-out detailing, ruched detailing",V-neck,stretch-jersey,straight hem,long sleeves,mid-calf length,None,None,None
19484301,bridal minidress,white,train,sweetheart neck,recycled polyester,thigh-length,off-shoulder,thigh-length,strapless,None,None
19917355,draped design,light blue,sequin,one-shoulder,None,curved hem,None,thigh-length,one-shoulder,None,None
19492432,bandeau ruched minidress,black,ruched detailing,sweetheart neck,cotton,flared,None,thigh-length,strapless,cut-out detailing,None
20242000,midi dress,rose pink,all-over floral print,V-neck,cotton,ankle-length,short sleeves,ankle-length,rear tie fastening,None,lace trim
20067028,shirtdress,"raspberry pink, all-over graphic print",twill weave,classic collar,silk,curved hem,"long sleeves, buttoned cuffs",None,None,None,front button fastening
20199470,minidress,white,"['lace trim', 'bow detailing', 'front tie fastening']",None,linen/flax,straight hem,sleeveless,thigh-length,None,None,lace trim
20527218,mini dress,indigo blue,crystal embellishment,notched lapels,cotton,thigh-length,long sleeves,thigh-length,None,None,"washed denim, whiskering effect"
21235807,Ethereal Orchid-jacquard maxi dress,black/red,all-over graphic print,high neck,Orchid-jacquard,flared skirt,sleeveless,maxi,None,None,None
19492435,flared,black,knitted construction,square neck,FSC viscose,mid-length,sleeveless,mid-length,None,None,None
19908188,Ronan,cream white,floral embroidery,square neck,"cotton, linen blend",bias cut,sleeveless,minidress,None,fitted waistline,None
19510123,draped minidress,cream white,draped detailing,square neck,satin finish,straight hem,sleeveless,mini,None,None,None
19649395,Tennis,white,cut-out detailing,scoop neck,stretch-design,thigh-length,sleeveless,mini,None,None,None
20101589,minidress,black,fine ribbed,round neck,cotton,straight hem,short puff sleeves,thigh-length,None,fitted waistline,None
19917336,tank dress,"navy blue, white, horizontal stripe pattern","crinkled finish, stretch-design",square neck,None,None,None,None,wide shoulder straps,None,scoop back
20044202,midi dress,"black/red, signature cherry print",stretch-design,square neck,None,mid-calf length,sleeveless,mid-calf length,None,None,None
20472337,midi dress,black,"contrasting collar, contrasting cuffs",pointed flat collar,jersey knit,flared,long sleeves,mid-calf length,None,None,buttoned cuffs
21008849,Cami,"light pink, black","lace detailing, semi-sheer panels",sweetheart neck,"cotton, silk",scallop hem,None,thigh-length,adjustable spaghetti straps,None,towelling finish
19509803,pencil silhouette,bright green,dart detailing,square neck,None,rear slit,short puff sleeves,calf-length,None,None,None
19401744,Wrenley,black,draped detailing,sweetheart neck,None,mid-length,short sleeves,mid-length,off-shoulder,None,None
20259422,asymmetric cut-out minidress,black,tassel,funnel neck,None,None,single long sleeve,mini,None,cut-out,None
19618992,cut-out detailing,"multicolour, all-over floral print",ruffled detailing,V-neck,cotton-silk blend,mid-length,sleeveless,mid-length,None,None,None
19621014,Nina frayed-trim dress,black,frayed detailing,halterneck,None,long length,None,long,None,None,frayed trim
20101587,corset midi dress,blush pink,bustier-style,bustier-style neckline,linen-silk blend,straight hem,None,calf-length,thin shoulder straps,corset style,None
19509804,Amari crêpe maxi dress,fuchsia pink,rear slit,high neck,crepe,None,strapless,maxi,None,None,None
17052406,Piccolo Ubud,Black,feather-embellished,one-shoulder,None,None,long sleeves,None,one-shoulder,None,feather detailing
20170543,colour-block,"black, white",rear slit,off-shoulder,None,long length,short sleeves,maxi,off-shoulder,None,None
17899669,dress,white,gathered detailing,round neck,cotton,open back,short puff sleeves,short-sleeve,None,tied waist,None
19383554,off-shoulder silk dress,khaki,draped detailing,off-shoulder,silk,None,three-quarter length sleeves,None,off-shoulder,None,rear criss-cross straps
17117341,Ibiza,black,tiered skirt,halterneck tie fastening,organic cotton,ankle-length,None,maxi,None,None,None
18325093,tank dress,white,crinkled finish,square neck,None,None,None,None,wide shoulder straps,None,scoop back
20107840,gown,silver-tone,"metallic finish, ruched detailing, cut-out detailing",high neck,None,maxi,sleeveless,maxi,None,None,None
19390347,KIM,black,floral-lace detailing,V-neck,silk blend,thigh-length,sleeveless,mini,wide shoulder straps,None,None
20199478,Taiga polka-dot georgette minidress,black/white,polka dot print,sweetheart neck,georgette,flared skirt,sleeveless,thigh-length,None,None,None
19658138,asymmetric,hot pink,decorative button detailing,cowl neck,stretch-design,side-slit,None,maxi,single shoulder strap,None,None
20381490,draped detailing,black,keyhole detail to the rear,round neck,stretch-design,straight hem,short sleeves,mid-length,None,None,side press-stud fastening
19949869,kaftan,indigo blue,gold-tone logo plaque,V-neck,denim,two thigh-high side slits,wide sleeves,mid-length,band collar,None,None
19673582,minidress,black,logo print at the neckline,mock neck,recycled polyester,thigh-length,short sleeves,thigh-length,None,None,None
19620645,maxi dress,paisley print,smocking details,square neck,cotton,straight hem,None,ankle-length,tie-fastening straps,None,None
20082465,bow-detail long-sleeve minidress,black,bow detailing,round neck,None,straight hem,long sleeves,thigh-length,None,None,None
20601447,minidress,ivory white,basque waist,V-neck,cotton,thigh-length,long sleeves,thigh-length,None,basque waist,None
20065861,shirtdress,green,paisley print,classic collar,silk,curved hem,long sleeves,None,None,None,None
19620642,Devi floral-print midi dress,"cream white, pink, floral print","scallop edge, cut-out detailing, adjustable spaghetti straps, side zip fastening, two side slit pockets, full skirt",None,linen,calf-length,None,midi,None,None,rear tie fastening
19948586,Bahia cut-out detail minidress,black,"cut-out detailing, twist detailing",None,cotton,straight hem,short sleeves,thigh-length,None,None,None
20470972,kaftan,plum purple,fringe detailing,high neck,crepe,asymmetric hem,long wide sleeves,None,None,None,fringe
20471262,minidress,"light blue, multi-way stripe pattern",ruffled detailing,V-neck,cotton,thigh-length,long sleeves,thigh-length,None,None,contrasting trim
20475252,off-shoulder satin minidress,black,satin finish,off-shoulder,satin,straight hem,long sleeves,thigh-length,off-shoulder,None,None
20046882,Fallon,"red, white, all-over floral print","tiered skirt, ruffle hem",sweetheart neck,crepe,ruffle hem,thin straps,maxi,None,None,None
19657775,Bon Bon minidress,black,flared skirt,square neck,cotton,flared,short puff sleeves,mini,None,None,None
19657781,Matricia,black,sheer panelling,round neck,stretch-silk,maxi,sleeveless,maxi,rear criss-cross straps,None,open back
19168185,asymmetric,multicolour,signature zigzag woven design,V-neck,None,asymmetric hem,sleeveless,midi,spaghetti straps,None,None
19908604,draped,rose pink / dark red,rear lace-up,sweetheart neck,silk,midi,off-shoulder,midi,off-shoulder,fitted waistline,None
20143212,slip dress,black,"['semi-sheer construction', 'sequin embellishment', 'bow detailing']",None,None,scallop hem,None,mid-length,thin shoulder straps,None,lace trim
20045251,dress,black,all-over graphic print,square neck,None,None,sleeveless,None,None,None,None
20067101,Medusa minidress,black/multicolour,Medusa plaque detail,cowl neck,stretch-jersey,above-knee length,None,above-knee,thin shoulder straps,None,None
19517280,Sunset gradient-effect dress,"orange, red, bordeaux red","gradient effect, semi-sheer construction, open back, slip-on style, adjustable strap to the rear",None,None,long length,long sleeves,long length,None,None,None
19657772,layered design,light blue,"['ruffled detailing', 'ruched detailing', 'cut-out detailing', 'draped detailing']","['mock neck', 'V-neck']",chiffon,side slit,None,floor-length,None,None,None
19620643,Devi,ivory white,crochet,V-neck,cotton/linen,thigh-length,three-quarter length puff sleeves,mini,None,None,crochet-trimmed
19950183,minidress,hot pink,bow detailing,halterneck,silk blend,straight,sleeveless,thigh-length,None,None,ribbon-tie
20103131,puff-sleeve midi dress,black,"sequin embellishment, fringe detailing",round toe,stretch-design,knee-length,puff-sleeve,midi,None,None,None
19620644,dress,"multicolour, all-over floral print","elasticated cuffs, concealed rear zip fastening",round neck,linen,calf-length,long sleeves,calf-length,None,None,None
19319226,tank,bright red,crinkled finish,square neck,None,None,None,None,wide shoulder straps,None,scoop back
20103136,minidress,black,sequin embellishment,square neck,recycled polyester,thigh-length,spaghetti straps,thigh-length,None,None,logo charm
18380567,sequinned mini dress,multicolour,sequin embellishment,square neck,recycled polyamide blend,slit detailing,sleeveless,mini,None,None,None
20474541,Illusion sheer-panel,silver-tone,"metallic finish, sheer panelling, logo patch",crew neck,stretch-design,straight hem,long sleeves,thigh-length,logo patch at the shoulder,None,None
19921926,ruched halterneck dress,bright red,"floral appliqué, ruched detailing",halterneck tie fastening,stretch-jersey,asymmetric hem,sleeveless,mid-length,None,None,None
20887571,bustier midi dress,light pink,sequin design,bustier-style,sequinned,asymmetric,None,mid-length,strapless,None,side slit
20526245,Butterfly cut-out minidress,black,"cut-out detailing, chain-link detailing",sweetheart neck,stretch-design,straight hem,sleeveless,thigh-length,adjustable shoulder straps,None,None
19906390,Arced Palm maxi dress,black,plunging U-neck,U-neck,None,None,long sleeves,maxi,None,None,None
19439850,open-knit mini dress,butter yellow,sheer,crew neck,cotton blend,asymmetric hem,short sleeves,mini,None,None,None
20046879,flared,light yellow,cut-out detailing,V-neck,silk,mid-length,sleeveless,mid-length,None,None,lace trim
18487152,mini dress,"beige, black, monogram pattern",rear zip fastening,round neck,None,straight hem,long sleeves,None,None,None,None
19908408,draped panel detail,"cobalt blue, white, polka dot print",ruched detailing,off-shoulder,cotton,mid-calf length,None,mid-calf length,off-shoulder,None,None
20045257,sleeveless dress,all-over graphic print,None,sweetheart neck,None,None,sleeveless,None,None,None,None
19657780,Tranquilla sheer maxi dress,black,ruffled detailing,spaghetti straps,sheer,asymmetric hem,None,maxi,None,None,None
19948589,draped,khaki,decorative buckle,bustier-style,stretch-jersey,straight hem,off-shoulder,thigh-length,off-shoulder,None,None
15957522,fitted tank dress,Bubblegum pink,knitted construction,square neck,knitted,straight hem,sleeveless,None,None,None,None
20935069,slip minidress,"turquoise blue-green, gold-tone, signature Barocco print, Medusa Head motif",Medusa Head motif,cowl neck,None,straight hem,None,thigh-length,None,None,None
19620628,Devi printed linen midi dress,multicolour,mix print,V-neck,linen,flared skirt,long puff sleeves,mid-length,None,None,crochet trim
20242545,halterneck maxi dress,"multicolour, zigzag print","gathered detailing, cut-out detailing, front slit",halterneck,stretch-silk,floor-length,None,maxi,None,None,None
20241106,pleated,white,"scoop neck, racerback, stretch-design",scoop neck,recycled polyester blend,thigh-length,sleeveless,thigh-length,None,None,None
19907692,draped corset minidress,black,"['bustier-style', 'corset style', 'draped design', 'front tie fastening']",sweetheart neck,None,high-low hem,long puff sleeves,thigh-length,None,None,None
20197889,floral-jacquard minidress,black,ruched detailing,sweetheart neck,jacquard,None,adjustable spaghetti straps,mini,None,fitted waistline,shirred panel
20044998,Lantern,"floral print, lavender purple, multicolour","tied waist, frilled collar, detachable slip dress",frilled collar,at least 50% recycled or upcycled materials,None,"long sleeves, elasticated cuffs",mid-length,None,tied waist,None
21259287,flared,"['light blue', 'light yellow']","['rhinestone embellishment', 'garment dyed']",strapless,stretch-cotton denim,straight hem,None,mid-calf length,None,None,None
19166690,zigzag-woven draped-sleeve dress,"yellow, multicolour, signature zigzag woven design",side tie fastening,crew neck,None,None,long draped sleeves,None,one-shoulder,None,None
20249976,flared minidress,black,sweetheart neck,sweetheart neck,wool blend,flared,long sleeves,thigh-length,None,fitted waistline,None
19657756,open-front minidress,black,knot detailing,round neck,stretch-jersey,calf-length,long sleeves,calf-length,None,None,None
19832293,asymmetric,black,ruched detailing,scoop neck,chiffon,flared hem,None,minidress,adjustable shoulder straps,None,None
19691086,minidress,"cream white, multicolour",embroidered,round neck,linen,thigh-length,three-quarter length sleeves,thigh-length,None,None,None
19620233,midi dress,navy blue,"broderie anglaise, pleat detailing, faux-pearl buttons",oversized pointed collar,cotton-silk blend,straight hem,long puff sleeves,calf-length,None,None,None
20473587,floral-print dress,"olive green, all-over floral print","smocked panel, front slit",sweetheart neck,None,mid-length,adjustable spaghetti straps,mid-length,None,None,None
19907856,wrap dress,pumpkin orange,"ruched detailing, gathered detailing",asymmetric neck,satin finish,asymmetric hem,single long sleeve,None,one-shoulder,self-tie fastening,None
19403544,minidress,pink,ostrich feather,funnel neck,silk,None,long sleeves,mini,None,None,feather-trim
19404137,kaftan silhouette,ivory white,feather-trim detailing,V-neck,silk,asymmetric hem,wide sleeves,floor-length,None,None,feather-trim
20794732,bow-detail tulle slip dress,light pink,"['bow detailing', 'crystal embellishment', 'floral appliqué']",None,tulle netting,None,None,None,adjustable shoulder straps,None,lace trim
19172450,logo plaque,black,silver-tone logo plaque,square neck,stretch-design,mini,sleeveless,mini,adjustable spaghetti straps,None,None
20178815,maxi dress,black/white,embroidered logo to the rear,square neck,"stretch organic cotton, jersey fleece",rear slit,spaghetti straps,maxi,None,None,contrasting trim
20473589,lace-trim silk dress,dusty blue,cut-out detailing,V-neck,silk,mid-length,sleeveless,mid-length,None,None,lace trim
20103114,Psychedelia cut-out minidress,"light pink, abstract pattern print","cut-out detailing, bow detailing",round neck,linen blend,straight hem,short puff sleeves,thigh-length,None,None,None
19812098,Meera,"bright red, all-over floral print","knot detailing, front slit, keyhole detail to the rear",V-neck,chiffon,ankle-length,three-quarter length puff sleeves,ankle-length,None,empire line,None
20417497,intarsia-knit,"banana yellow, black",patterned,boat neck,None,peplum hem,sleeveless,midi,None,fitted waistline,None
20103113,plunge-neck minidress,blush pink,flared skirt,plunging V-neck,cotton-linen blend,None,long sleeves,mini,None,None,None
19683111,High Tide mesh maxi dress,"multicolour, abstract pattern print",stretch-design,round neck,recycled polyester,floor-length,long sleeves,maxi,None,None,None
19404139,one-shoulder fringed gown,light pink,bow detailing,one-shoulder,None,fringed edge,None,ankle-length,one-shoulder,None,fringed edge
20044990,crossover minidress,all-over floral print,gathered detailing,plunging V-neck,linen-silk blend,None,long sleeves,mini,None,None,None
20044997,puff-sleeve ruched tulle minidress,dusty blue,"tulle overlay, ruched bodice, cuff zips, tiered skirt",sweetheart neck,silk,thigh-length,long puff sleeves,thigh-length,None,None,concealed rear hook and zip fastening
20197886,maxi dress,"light pink, multicolour, all-over floral print","cowl neck, one-shoulder",cowl neck,None,calf-length,None,calf-length,one-shoulder,None,None
19948595,Galliga asymmetric shirt dress,white,cut-out detailing,classic collar,cotton blend,straight hem,long puff sleeves,thigh-length,None,None,buttoned cuffs
19825670,midi dress,light blue,sequin design,keyhole neck,recycled polyester,straight hem,short sleeves,midi,None,None,None
19620633,minidress,Chintz floral-print,ruffled detailing,V-neck,silk,thigh-length,sleeveless,thigh-length,None,None,None
19825684,A-line,blush pink,satin finish,plunging V-neck,recycled polyester,mid-length,sleeveless,mid-length,halterneck,None,halterneck tie fastening
17985086,wrap,white,sequin,V-neck,None,None,long sleeves,None,None,front tie,None
19658140,asymmetric design,all-over floral print,ruffled detailing,None,chiffon,maxi,sleeveless,maxi,None,None,None
19657766,Aimee-heart cut-out detail dress,rose pink,cut-out detailing,round neck,fine ribbed,straight hem,long sleeves,None,None,None,None
20160414,Cadence,brown,beaded straps,halterneck,satin,straight hem,sleeveless,floor-length,None,None,None
20946382,Elana bow-embellished linen minidress,black/white,bow detailing,square neck,linen/flax,straight hem,None,mini,wide shoulder straps,None,picot trim
20103112,flared minidress,hot pink,strapless,None,"cotton, linen blend",straight hem,None,thigh-length,None,fitted waistline,None
20475011,asymmetric,black,self-tie fastening,square neck,None,straight hem,three-quarter length puff sleeves,long length,one-shoulder,None,None
19404138,minidress,ivory white,feather-trim detailing,off-shoulder,None,thigh-length,long sleeves,thigh-length,off-shoulder,None,feather-trim
20946385,strapless,midnight blue,cut-out detailing,strapless,Naia??cellulosic fibres,straight hem,None,mid-calf length,None,fitted waistline,None
20467527,sequin,black,striping fringe detailing,high neck,tulle,straight,long,thigh-length,shoulder pads,None,None
18904326,corset style,floral-print,all-over floral print,sweetheart neck,None,calf-length,sleeveless,calf-length,None,None,None
19683128,dress,emerald green,metallic threading,halterneck,lurex,thigh-length,None,thigh-length,None,None,feather-trim
20912251,"cut-out detailing, front tie fastening, open back",blush beige,sequin embellishment,round neck,sequin,thigh-length,long sleeves,thigh-length,None,None,None
17052412,draped,ivory,feather-trim detailing,one-shoulder,crepe/ostrich feather,asymmetric hem,None,maxi,one-shoulder,None,feather-trim
19682529,minidress,emerald green,metallic threading,plunging V-neck,None,straight hem,long wide sleeves,mini,None,None,D-ring findings
20401475,cut-out ruched minidress,black,"cut-out detailing, ruched detailing",crossover shoulder straps,jersey knit,None,None,mini,crossover shoulder straps,None,concealed rear zip fastening
20161083,asymmetric tiered,multicolour,spaghetti straps,square neck,organza,floor-length,None,maxi,None,None,None
19619836,midi dress,"cream white, multicolour, all-over floral print",front button fastening,None,silk,tiered skirt,long sleeves,mid-length,None,tied waist,None
19382691,minidress,ivory white,ruched bodice,one-shoulder,satin,straight hem,single long sleeve,thigh-length,one-shoulder,None,None
20377048,Circe plissé satin dress,fuchsia pink,"plissé effect, ruffled detailing, side slit",round neck,satin,mid-length,sleeveless,mid-length,None,None,None
20161084,Calluna,None,"sheer, tiered skirt, ruffle hem, slip dress insert",high neck,organza,ruffle hem,short sleeves,floor-length,None,None,rear bow fastening
19906859,Amelia,Havana brown,"metallic effect, fully pleated, cut-out detailing, crossover strap detail, rear lace-up fastening, asymmetric design",sweetheart neck,None,asymmetric,one-shoulder,calf-length,one-shoulder,None,None
19171559,corset style,bright red,semi-sheer panels,sweetheart neck,silk blend,straight hem,None,mini,adjustable shoulder straps,built-in underwire bra,None
18260555,A-line skirt,Egret white,puff-sleeve,mock neck,recycled polyester blend,midi,puff-sleeve,midi,None,fitted waistline,rear tie fastening
20101594,interwoven design,black,bandeau style,None,recycled polyurethane,thigh-length,sleeveless,minidress,None,None,None
19401750,Alba one-shoulder gown,white,gathered detailing,one-shoulder,satin,train,sleeveless,None,one-shoulder,None,None
19906430,Calix V-neck dress,coffee brown,georgette crepe,V-neck,None,straight hem,sleeveless,thigh-length,None,None,None
19619854,Adelaide,chocolate brown,"feather detailing, draped detailing",asymmetric neck,crepe,side slit,long sleeves,calf-length,off-shoulder,None,feather-trim
19621000,Devi halter tie midi dress,light orange,"embroidered motif, cut-out detailing, crossover strap detail",round neck,None,mid-length,sleeveless,mid-length,None,None,None
19606074,Nellie,white,feather-trim,bandeau style,None,straight hem,None,calf-length,None,None,feather-trim
19102456,halterneck midi dress,black,sequin embellishment,halterneck,None,None,None,calf-length,open back,None,tie fastening
19619837,Lantern,multicolour,all-over floral print,stand-up collar,ramie,flared hem,long puff sleeves,above-knee length,None,belted waist,None
18508651,one-shoulder dress,black,cut-out detailing,None,None,mid-length,long sleeves,mid-length,one-shoulder,None,feather-trim
18500897,knotted shirt minidress,black,draped design,V-neck,None,None,long sleeves,minidress,None,None,None
20161082,corset style,coral pink,concealed rear zip fastening,square neck,cotton blend,straight hem,None,thigh-length,wide shoulder straps,None,None
19614173,minidress,jade green,"ruffled detailing, pleat detailing, gathered",tie neck,None,flared hem,long sleeves,thigh-length,None,None,None
16749924,lace-panel dress,Black,"['lace panelling', 'tulle inserts']",off-shoulder,cotton,None,short sleeves,None,off-shoulder,None,None
19682517,Sachamama,"ecru, black, geometric print",cut-out detailing,high neck,linen/flax,straight hem,long puff sleeves,ankle-length,None,None,None
20039870,sequin mini dress,black,"sequin embellishment, open back",round neck,recycled polyester,thigh-length,short puff sleeves,mini,None,None,None
20792983,strapless dress,all-over floral print,central rear vent,strapless,None,None,None,None,None,None,None
19832315,Corset Illusion,light pink,sheer-panels,high neck,tulle,straight hem,long sleeves,above-knee length,None,corset style,None
19621001,floral-print cotton maxi dress,all-over floral print,"['bustier-style neckline', 'cut-out detailing', 'bow detailing']",bustier-style,cotton,flared,spaghetti straps,ankle-length,None,None,None
20280397,Helga polo minidress,blue/white,logo waistband,polo collar,TX Jersey??A-line skirt,None,minidress,None,fitted waistline,None,None
19826349,Punta,pastel yellow,tulle panel,strapless,"['cotton', 'silk']",rear slit,None,mid-length,None,None,None
20181631,bodycon,black,"['cut-out detailing', 'ruched detailing']",asymmetric neck,jersey,thigh-length,long sleeves,thigh-length,None,None,None
19618989,minidress,"white/multicolour, all-over floral print",ruffled detailing,V-neck,recycled polyester blend,thigh-length,"long sleeves, elasticated cuffs",thigh-length,None,None,internal slip dress
19840509,T-shirt dress,black,embroidered logo at the chest,crew neck,organic cotton,straight hem,short sleeves,None,None,None,fine ribbed
18603003,puff-sleeve tiered minidress,black,"['bow detailing', 'tiered skirt']",round neck,wool blend,straight hem,short puff sleeves,minidress,pointed flat collar,None,None
19105620,ribbed-knit dress,jet black,gold-tone logo plaque,off-shoulder,ribbed knit,mid-length,long sleeves,mid-length,off-shoulder,None,thumb slots
19621008,Vacay Billow,"blush pink, multicolour, all-over floral print",bead embellishment,round neck,cotton-linen blend,straight hem,"long puff sleeves, elasticated cuffs",mid-length,None,belted waist,None
15744591,Cindy lace-trim maxi dress,Black,lace trim,V-neck,cotton-blend,ankle-length,spaghetti straps,maxi,None,None,lace
20142298,Iona,blue/multicolour,all-over graphic print,round neck,cotton blend,below-knee,long sleeves,midi,None,tied waist,None
