id,Hem,Sleeves,Collar,Neck,Waist/Waistline,Hood,Color/Print/Pattern,Effect/Finish,Material,Length
19760358,central rear vent,long sleeves,notched lapels,None,None,None,"anthracite grey, plaid check pattern",full lining,virgin wool,None
16907619,straight hem,long sleeves,stand-up collar,None,None,None,Light beige,padded design,None,None
20153391,central rear vent,long sleeves,notched lapels,None,None,None,"multicolour, vertical stripe pattern",textured,wool blend,None
20840893,cropped,long sleeves,classic collar,concealed front fastening,None,None,"moss green, snake-print",snakeskin effect,faux leather,cropped
20161066,elasticated hem,long sleeves,pointed flat collar,None,None,None,camel brown,None,sheepskin,None
20127217,straight hem,long sleeves,ruffle collar,None,None,None,"red, rose pink",sequin detailing,"virgin wool blend, tweed, silk lining",cropped
19690497,None,batwing sleeves,None,None,wrap design,None,"light brown, all-over floral print",None,linen,None
18890800,ribbed edge,long sleeves,None,high neck,None,None,jet black,padded design,"wool, goose down",None
18544569,None,long sleeves,None,funnel neck,None,None,blue,None,cotton blend,None
17850198,None,long sleeves,None,None,None,classic hood,black,padded design,None,None
17145397,drawstring hem,long sleeves,None,None,None,drawstring hood,Pink,logo trim,None,None
20258599,cropped,long sleeves,None,high neck,elasticated waistband,hooded,"cool grey, check pattern",paint splatter detail,virgin wool blend,None
20161068,straight hem,long sleeves,None,funnel neck,None,None,chocolate brown,quilted,recycled polyester,cropped
20185888,straight hem,long sleeves,None,funnel neck,None,detachable hood,hot pink,flocked logo,feather down,None
15574429,straight hem,long sleeves,straight-point collar,None,None,None,Black,None,lambskin,None
20271047,None,long sleeves,peak lapels,None,fitted waistline,None,navy blue,embossed gold-tone buttons,wool,None
20304502,central rear vent,long sleeves,shawl lapels,None,corset style,None,black,tulle inserts,None,None
20001060,straight hem,long sleeves,None,None,belted waist,classic hood,black,padded design,duck down,None
16700365,ribbed edge,long sleeves,stand-up collar,None,None,None,Black/white,contrasting trim,wool blend,None
20178740,straight hem,long sleeves,None,high neck,None,None,"light beige, abstract pattern print",None,cotton,None
19696359,None,long sleeves,classic lapels,None,None,None,pinstripe print,None,wool blend,None
20393629,straight hem,long sleeves,straight-point collar,None,None,None,brown,None,None,cropped
19446612,elasticated trim,long sleeves,None,None,None,drawstring hood,"camel brown, logo print to the rear",None,None,None
20113244,straight hem,long sleeves,peak lapels,None,None,None,"grey, Prince of Wales check print",embossed gold-tone buttons,virgin wool,None
18584515,None,long sleeves,None,None,self-tie fastening,None,"black/multicolour, grey, yellow",quilted finish,"virgin wool, down-feather filling",None
16782753,straight hem,three-quarter length sleeves,None,high neck,None,None,Navy blue,padded design,cotton-blend,None
20927878,None,long sleeves,round neck,round neck,None,None,"navy blue, ivory white, gold-tone",metallic threading,virgin wool-silk blend,None
19451490,drawstring hem,long sleeves,None,high neck,None,None,carrot orange,padded design,down-feather filling,short
20238026,straight hem,long sleeves,peak lapels,None,None,None,beige,None,yak,None
20127218,straight hem,long sleeves,no lapels,None,None,None,black,tweed,virgin wool blend,None
19907767,straight hem,long sleeves,notched lapels,None,None,None,dark red,None,None,None
19651101,None,long sleeves,None,half-zip,None,drawstring hood,orange,None,recycled nylon,None
19633747,None,long sleeves,None,None,drawstring waist,drawstring hood,black,high-shine finish,recycled polyester,None
19908387,straight hem,long sleeves,notched lapels,None,None,None,"coffee brown, wool, houndstooth pattern",None,wool,None
20244937,central rear vent,buttoned-cuff sleeves,classic lapels,None,None,None,camel brown,corduroy,"['silk', 'cotton']",None
20576028,straight hem,long sleeves,None,None,None,drawstring hood,black,"padded design, quilted",down-feather filling,None
20154184,ribbed,long sleeves,stand-up collar,None,None,None,"green, blue",distressed effect,cotton,None
20161067,straight hem,long sleeves,wide notch lapels,None,None,None,black/red,None,shearling,cropped
20127216,straight hem,long sleeves,None,scoop neck,None,None,black,bouclé construction,virgin wool blend,cropped
19137901,asymmetric,long sleeves,peak lapels,None,None,None,hot pink,stretch-design,None,oversized
19792885,straight hem,long sleeves,notched lapels,None,None,None,ecru,None,virgin wool,None
19594445,central rear vent,long sleeves,notched lapels,None,None,None,black,None,lambskin,None
20314561,straight hem,long sleeves,classic collar,None,belt loops,None,light blue,bleach wash,organic cotton,cropped
20065981,straight hem,long sleeves,pointed flat collar,None,None,None,"['camel brown', 'jacquard logo motif', 'Medusa Head motif', 'signature La Greca print']",silver-tone hardware,"['canvas', 'leather trim']",full lining
20121146,asymmetric,long,notched lapels,None,None,None,black,None,wool,cropped
20117424,straight hem,short sleeves,classic collar,None,None,None,indigo blue,denim,cotton,None
20842598,ribbed,long,crew neck,crew neck,None,None,"light pink, black","bouclé, contrast stitching",alpaca wool-blend,None
20768644,drawstring hem,"long sleeves, cuff zips",None,None,None,drawstring hood,"black/white, bandana print",None,down-feather filling,None
19907359,frayed,long sleeves,classic collar,None,None,None,"bubblegum pink, monogram jacquard",None,"cotton, denim",None
19615222,curved,long sleeves,notched collar,None,None,None,light grey,gold-tone,wool,None
20764074,straight hem,long sleeves,None,round neck,None,None,black/white,tweed,None,None
19072886,None,long,peak lapels,None,None,None,beige,None,wool,None
20472334,straight hem,"wide sleeves, three-quarter length sleeves",collarless,None,None,None,"orange, multicolour, all-over floral print",None,silk,None
19915666,cocoon design,long sleeves,asymmetric lapels,None,None,None,black,satin trim,None,None
20113274,None,long puff sleeves,peak lapels,None,None,None,black,embossed gold-tone buttons,wool,None
20049668,straight hem,sleeveless,classic collar,None,None,None,brown,distressed finish,cotton,None
20120316,None,long sleeves,None,None,None,drawstring hood,"brown, multicolour",rhinestone embellishment,None,None
19948582,peplum waist,None,classic collar,None,peplum waist,None,light blue,None,cotton,None
20134140,None,long sleeves,notched lapels,None,fitted waistline,None,black,None,recycled polyester blend,None
20367781,rear curved hem,long sleeves,stand-up collar,None,None,slouchy hood,black,quilted,None,None
20578094,ribbed,long sleeves,stand-up collar,None,None,None,black,distressed effect,calf leather,None
19712038,None,long sleeves,None,None,belted waist,drawstring hood,black,high-shine finish,down-feather filling,None
18518703,None,long sleeves,classic collar,None,None,None,cognac brown,None,lamb skin,None
19072936,None,long sleeves,None,round neck,None,None,cloud white,frayed edge,cotton blend,None
20186787,straight hem,long sleeves,None,V-neck,None,None,black,crepe texture,ostrich feather,None
20203525,straight hem,long sleeves,notched lapels,None,None,None,"navy blue, check pattern",None,wool blend,None
19907684,drawstring,"long sleeves, elasticated cuffs",None,high neck,None,None,black,"high-shine finish, quilted finish, padded design",recycled polyester,None
20261397,straight hem,"long sleeves, buttoned cuffs",notched lapels,None,None,None,camel brown,None,wool,None
20186773,straight hem,"long sleeves, fitted-cuff sleeves",None,high neck,None,None,navy blue,padded design,feather down,cropped
20195738,cropped,long sleeves,classic collar,None,None,None,indigo blue,None,cotton,cropped
20647657,rolled,"long sleeves, buttoned cuffs",notched lapels,None,D-ring buckle fastening,None,off-white,None,linen blend,cropped
19659288,None,long sleeves,classic collar,None,None,None,"sky blue, all-over logo print",light wash,cotton,None
20043955,curved hem,long sleeves,wide peak lapels,None,None,None,camel brown,corduroy,cotton blend,None
19751735,straight hem,wide sleeves,None,V-neck,belted waist,None,black,None,cotton,None
18843928,straight hem,None,spread collar,None,None,classic hood,black,None,feather down,None
15801623,None,long sleeves,None,None,None,None,Black,None,cotton,None
18714654,cropped,long sleeves,straight-point collar,None,None,None,black,faux leather,faux leather,cropped
19172470,cropped,long sleeves,funnel neck,funnel neck,None,None,"blue, multicolour",denim patchwork,cotton,cropped
17359347,cropped,long sleeves,notched lapels,None,None,None,Blue,None,wool,cropped
19466769,elasticated hem,elasticated cuffs,None,None,None,None,black,enamel,recycled polyamide,None
19916590,straight hem,long sleeves,classic collar,None,belted waist,None,black,smooth grain,lambskin,None
19580302,high-low hem,long sleeves,notched lapels,None,peplum hem,None,rose pink,None,lambskin,None
18685964,straight hem,"long sleeves, ruched detailing",notched lapels,None,None,None,Cola brown,None,wool blend,None
18792600,straight hem,long sleeves,ribbed band collar,None,None,None,black,high-shine finish,None,None
18311324,drawstring hem,long sleeves,None,None,None,drawstring hood,bubblegum pink,padded design,None,None
20913367,cropped,long sleeves,None,high neck,None,None,pink,"['high-shine finish', 'crinkled finish']",cotton blend,cropped
20159970,straight hem,long sleeves,None,high neck,None,None,red,None,recycled polyester,None
19907676,straight hem,long sleeves,classic collar,None,drawstring waist,None,off-white,contrast stitching,cotton,None
20245560,None,long sleeves,peak lapels,None,None,None,black,None,wool blend,None
16494798,elasticated hem,long sleeves,high neck,high neck,None,drawstring hood,Black,"padded design, quilted",recycled polyamide,None
19562017,None,long sleeves,None,None,None,drawstring hood,pink,padded design,feather down,None
20251731,None,three-quarter length,None,V-neck,None,None,"beige, navy blue, red, anchor print","stripe detailing, gold-tone buttons",cotton-linen blend,None
19948579,central rear vent,long sleeves,notched lapels,None,None,None,black,None,virgin wool,None
20262183,straight hem,long sleeves,None,high neck,None,None,baby blue,light wash,cotton,None
20571575,None,long sleeves,stand-up collar,None,None,None,navy blue,gold-tone hardware,wool-cotton blend,None
19320307,straight hem,long sleeves,classic collar,None,None,None,"grape purple, illustration-style print",None,cotton,None
19948584,elasticated hem,long sleeves,notched lapels,None,None,None,cream white,draped detailing,None,cropped
19172414,straight hem,long sleeves,wide peak lapels,None,None,None,black,contrast stitching,stretch-wool,None
21258525,straight hem,long sleeves,classic collar,None,None,None,"navy blue, monogram print",denim,cotton,cropped
19139370,straight hem,long sleeves,None,None,None,None,black,None,recycled polyester,None
19948583,cropped,long sleeves,notched lapels,None,D-ring buckle fastening,None,black,None,cotton blend,cropped
21026695,straight hem,long sleeves,None,high neck,cropped,None,slate grey,laminated finish,vinyl,cropped
19761163,straight hem and curved hem,long sleeves,spread collar,None,None,None,cream white,None,virgin wool,None
20466248,curved,long puff,None,round,peplum,None,dark grey,quilted,cotton,None
20010034,None,long sleeves,peak lapels,None,None,None,pink,cut-out detailing,wool,None
20843335,straight hem,long sleeves,None,V-neck,None,None,rose pink,"gold-tone trim, mixed-metal hardware, braided edge",tweed,None
19998907,ribbed hem,long sleeves,ribbed band collar,None,None,None,khaki,None,None,None
16906816,None,long sleeves,None,None,None,drawstring hood,Sage green,None,feather down,None
20645356,straight hem,long sleeves,None,None,None,detachable hood,"black, beige",quilted,"virgin wool, feather down",None
19422623,None,None,classic lapels,None,None,None,navy blue,patchwork design,wool,None
20046811,straight hem,long sleeves,notched lapels,None,None,None,jade green,faux-fur design,faux-fur,None
18998635,straight,long,peak lapels,None,cropped,None,black,None,None,cropped
20572162,None,long sleeves,peak lapels,None,None,None,sand beige,None,virgin wool,None
19649413,None,long sleeves,baseball collar,None,None,None,rose pink,padded design,down-feather filling,None
20250218,rear curved hem,long sleeves,pointed flat collar,None,None,None,grey,None,wool,None
20603747,straight hem,long sleeves,None,None,None,classic hood,powder blue,ripstop texture,down-feather filling,None
19423191,straight hem,long sleeves,spread collar,None,None,None,"navy blue, white",None,virgin wool blend,cropped
20250220,straight hem,long sleeves,classic collar,None,None,None,cream white,ribbed knit,cotton,None
18539622,drawstring hem,long sleeves,stand-up collar,None,None,None,black,padded,recycled nylon,cropped
19558744,straight hem,long sleeves,collarless,open-front,None,None,black,None,None,None
16906818,drawstring hem,detachable sleeves,None,None,None,drawstring hood,Black,high-shine finish,goose down,None
19200287,straight hem,long sleeves,wide notch lapels,None,None,None,black,None,wool,None
19362781,straight hem,long sleeves,None,high neck,None,detachable hood,"classic GG canvas, beige",None,goose down,None
20120357,straight hem,long sleeves,None,funnel neck,detachable waist belt,None,olive brown,None,"virgin wool, cotton",None
15517082,English rear vents,long set-in sleeves,peak lapels,None,None,None,off white,satin lining,virgin wool,None
20030840,cropped,long sleeves,stand-up collar,None,None,None,black,None,faux leather,cropped
17919379,None,long sleeves,None,None,None,drawstring hood,white/black,quilted,down-feather filling,None
20242733,straight hem,long sleeves,None,high neck,belted waist,None,black,quilted,down-feather filling,None
19596875,None,long sleeves,None,None,None,drawstring hood,emerald green,quilted,feather down,None
19557524,straight hem,long sleeves,None,None,None,classic hood,coral pink,padded,down-feather filling,None
15493864,straight hem,long sleeves,notched lapels,None,adjustable buckle side tabs,None,Dark brown/beige,tonal stitching,cotton/calf leather/shearling,None
20805195,raw-cut hem,long sleeves,None,None,None,None,light blue,denim,organic cotton,cropped
20252332,cropped,short sleeves,classic collar,None,None,None,navy blue,frayed detailing,cotton,cropped
20307277,curved,long,None,None,None,drawstring,cream white,waterproof,feather down,None
20016970,drawstring hem,drawstring cuffs,None,None,None,drawstring hood,khaki,water-repellent,None,None
19657763,central rear vent,long sleeves,peak lapels,None,None,None,black,None,virgin wool blend,None
19477034,straight hem,long sleeves,None,None,None,drawstring hood,moss green,padded design,down-feather filling,None
16635098,draped strap detailing,long sleeves,None,None,None,drawstring hood,White,padded design,None,None
19975077,ribbed,long,stand-up,None,None,None,light beige,None,sheepskin,None
20187224,straight hem,sleeveless,stand-up collar,None,None,None,fuchsia pink,padded design,chenille,None
19451505,straight hem,None,None,None,None,classic hood,black,fleece texture,recycled wool blend,None
20120332,straight hem,long sleeves,None,None,None,None,black,None,wool,None
15201351,None,long sleeves,None,None,None,drawstring hood,Musk green,padded design,None,None
19404158,None,long sleeves,peak lapels,None,None,None,off-white,None,wool,None
20915673,central rear vent,long sleeves,oversized pointed collar,None,None,None,"anthracite grey, light grey, camel brown",knitted panels,wool,None
19178595,None,long sleeves,notched lapels,None,None,None,yellow,None,wool blend,None
20666990,straight hem,long sleeves,collarless,None,None,None,forest green,gold-tone hardware,tweed,None
20471274,straight,long,None,None,None,None,brown,rhinestone-embellished,cotton blend,None
20152723,ribbed,long sleeves,ribbed band collar,None,None,None,green,satin finish,None,cropped
20907183,None,long sleeves,classic collar,None,rear elasticated waistband,None,"coffee brown, all-over snakeskin print",None,leather,None
18549927,None,long sleeves,peak lapels,None,None,None,black,None,lambskin,None
19260383,None,long sleeves,None,None,None,drawstring hood,olive green,"padded design, quilted",feather down,None
20103129,straight,long,classic,None,None,None,brown,faux-fur,faux-fur,cropped
19129996,straight hem,long sleeves,peak lapels,None,None,None,beige,full lining,None,None
20268291,fringed edge,None,None,None,None,None,"archive beige, Vintage Check pattern",reversible,wool,None
20911620,straight hem,long draped sleeves,band collar,None,None,None,blue,washed,cotton,None
20473578,adjustable side straps,long sleeves,classic collar,None,None,None,"navy blue, black",None,"cotton, denim",None
19906386,elasticated,long,notched lapels,None,None,None,light beige,None,wool blend,cropped
19998912,straight hem,long sleeves,classic collar,None,None,None,"navy blue, light blue, Dazzle Stripe pattern",None,cotton,None
20729526,straight hem,long sleeves,band collar,None,None,None,white,textured finish,feather down,None
20309123,ribbed trim,long sleeves,rounded collar,None,None,None,"multicolour, all-over graphic print",None,lyocell,None
15304197,Straight hem,Long sleeves with buttoned cuffs,Peak lapels,None,None,None,Latte neutral,Satin lining,suiting fabric,None
20178821,elasticated hem,long sleeves,None,high neck,None,None,black/white,None,recycled polyester,cropped
19780820,straight hem,long sleeves,collarless,None,None,None,black,vinyl-finish,cotton blend,None
19734373,asymmetric,long,None,high,fitted,None,black,None,None,None
19003722,straight hem,long sleeves,notched collar,None,belted waist,None,black,enamel,recycled polyamide,None
21259623,frayed edge,long sleeves,classic collar,None,adjustable strap,None,light blue,cut-out detailing,denim,cropped
19948598,ribbed,long sleeves,None,funnel neck,None,None,off-white,padded,None,None
20261377,straight hem,long sleeves,None,None,None,detachable hood,black,quilted,down-feather filling,None
19825680,None,buttoned cuffs,classic collar,None,None,None,grape purple,bleached effect,organic cotton,None
20153438,cropped,long sleeves,shearling collar,None,None,None,"['brown', 'black']",None,calf leather,cropped
19712025,None,detachable,None,None,None,detachable,red,high-shine,down-feather filling,None
20416973,straight hem,long sleeves,None,high neck,None,None,"white/black, polka dot print",padded design,None,None
20120333,straight hem,long sleeves,None,None,None,None,camel brown,None,virgin wool,cropped
19908613,cropped,long sleeves,spread collar,None,None,None,beige,None,faux leather,cropped
17960584,None,long sleeves,None,None,None,drawstring hood,Black Ami de Coeur,padded,None,None
19908614,cropped,long sleeves,None,high neck,None,None,black,faux suede,None,cropped
20252212,straight hem,long sleeves,classic collar,None,None,None,indigo blue,denim,cotton blend,cropped
16906913,straight hem,long sleeves,None,None,None,drawstring hood,Black,tonal stitching,feather down,None
21256945,straight hem,long sleeves,peak lapels,None,None,None,black/white,two-tone design,virgin wool,slim cut
19128991,cropped,long sleeves,classic collar,None,None,None,blue,None,cotton,cropped
20527854,ribbed hem,long raglan sleeves,high neck,high neck,cropped,None,burgundy,embroidered,None,cropped
20205749,"straight hem, raw-cut hem","long sleeves, buttoned cuffs",peak lapels,None,None,None,auburn brown,"logo patch to the rear, embossed gold-tone buttons",cotton blend,cropped
19618985,None,long sleeves,None,None,None,None,mint green,quilted,down-feather filling,None
20504483,None,long sleeves,notched collar,None,belted waist,None,sand beige,None,organic linen blend,None
20515353,straight hem,long sleeves,None,funnel neck,None,None,black,high-shine finish,feather down,None
20890262,central rear vent,long sleeves,notched lapels,None,None,None,heather grey,raw-cut edge,wool,None
20113294,ribbed,long sleeves,pointed flat collar,None,None,None,black/red,patent finish,lambskin,None
20007376,fringed edge,long wide sleeves,None,round neck,None,None,"beige, black, all-over logo print",None,virgin wool-cashmere blend,None
20883084,straight hem,long sleeves,pointed flat collar,None,None,None,auburn brown,None,lambskin,None
19931478,straight hem,long sleeves,oversized pointed collar,None,None,None,black,quilted,recycled polyester,thigh-length
19908536,cropped,press-stud fastening cuffs,classic collar,None,belt loops,None,black,None,faux leather,cropped
16805649,straight hem,long sleeves,collarless,collarless,None,None,Black,None,wool blend,None
19383588,None,long sleeves,None,None,None,drawstring hood,black,quilted,feather down,None
17055866,central rear vent,long sleeves,asymmetric lapels,None,None,None,Light blue,twill weave,twill,None
19651112,straight hem,long sleeves,None,None,None,classic hood,black,padded design,goose down,long
20135198,cropped,long sleeves,pointed flat collar,None,None,None,ivory white,textured finish,EcoVero??blend,cropped
19292923,elasticated,long,band,None,None,None,black,ruched,None,None
16524678,None,long sleeves,None,high neck,None,None,Black,padded design,feather down/recycled polyester,None
17201020,None,long sleeves,None,None,fitted waistline,classic hood,Navy blue,padded design,None,None
18695267,None,long sleeves,peak lapels,None,None,None,ash grey,None,wool,None
20852711,straight hem,"long sleeves, cuff zips",spread collar,None,None,None,"camel brown, cream white","fleece lining, tonal stitching",lambskin,None
16963924,oversize,long sleeves,None,None,None,classic hood,light beige,padded,recycled polyester/feather down,None
20259639,straight hem,long sleeves,notched lapels,V-neck,None,None,pinstripe pattern,None,None,None
18816445,drawstring hem,long sleeves,press-stud fastening collar,funnel neck,None,concealed hood,multicolour,None,down-feather filling,None
20851709,straight hem,long sleeves,None,crew neck,None,None,multicolour,frayed edge,tweed,None
20914627,central rear vent,long sleeves,oversized pointed collar,None,None,None,"black, navy blue, aqua blue",gabardine weave,wool,None
20297324,drawstring hem,long raglan sleeves,None,None,None,slouchy hood,"['khaki', 'asparagus green', 'moss green']",lightweight construction,None,full lining
20245850,None,long sleeves,notched lapels,None,None,None,brown/multicolour,tweed,virgin wool blend,None
17543819,None,long sleeves,classic collar,None,None,None,Midnight blue,diamond quilting,cotton,None
17680206,straight hem,long sleeves,None,high neck,None,None,Black,high-shine finish,duck feathers,cropped
20120849,None,long sleeves,peak lapels,None,None,None,blush beige,stretch-design,None,None
20128227,straight hem,long sleeves,None,scoop neck,None,None,white/black,contrasting trim,virgin wool blend,cropped
19709189,central rear vent,long sleeves,None,None,None,None,red,concealed front fastening,virgin wool,None
20554999,straight hem,long sleeves,spread collar,None,None,None,"beige, brown",gold-tone hardware,"shearling, lambskin",None
19947636,straight hem,"long sleeves, buttoned cuffs",peak lapels,None,None,None,midnight blue,None,wool,None
16701000,American rear vent,long sleeves,notched collar,None,None,None,Shell white,None,virgin wool,None
20155882,straight,long,straight-point,None,None,None,light blue,faded,cotton,None
20188986,straight hem,contrasting-fabric sleeves,ribbed band collar,None,None,None,black/white,None,virgin wool blend,None
15326529,None,long sleeves,spread collar,None,None,None,all-over logo print,faded effect,cotton,None
19618749,straight hem,long sleeves,None,round neck,detachable waist belt,None,white,embossed,tweed,None
18508836,straight hem,long sleeves,None,funnel neck,None,detachable hood,black,"padded design, quilted",feather down,None
19908395,straight hem,sleeveless,None,funnel neck,None,None,off-white,padded design,cotton,None
19410865,None,long sleeves,None,funnel neck,None,None,chalk white,None,shearling trim,None
18355945,straight hem,long puff sleeves,notched lapels,None,elasticated waistband,None,navy blue,ribbed knit,"['virgin wool', 'cotton']",None
19356202,straight hem,long sleeves,notched lapels,None,None,None,black,faded effect,calf leather,None
20756988,cropped,long sleeves,None,round neck,None,None,"blue, crescent moon print","denim, patchwork design",cotton,cropped
19906845,straight hem,long sleeves,None,high neck,belt loops,None,indigo blue,contrast stitching,cotton,cropped
16542283,None,three-quarter length sleeves,None,funnel neck,None,None,Beige,padded,goose down,None
18756351,straight hem,long sleeves,None,None,None,classic hood,purple,waterproof,GORE-TEX®,None
20113249,curved front hem,long sleeves,peak lapels,None,fitted waist,None,green,None,calf leather,None
19908580,None,long sleeves,classic collar,None,None,None,swirl print,denim,cotton blend,None
20245849,straight hem,long sleeves,wide notch lapels,None,None,None,black,None,silk,None
20121144,cropped,long sleeves,pointed flat collar,press-stud fastening collar,tied waist,None,dark grey,lace-up fastening,cotton,cropped
20472962,straight hem,long sleeves,collarless,None,None,None,light blue,"sheer panelling, tonal stitching",cotton blend,None
20555890,straight,long wide,notched lapels,None,belted,None,black,smooth grain,lambskin,None
19350538,None,long sleeves,peak lapels,None,None,None,cream white,None,None,None
19349415,cropped,detachable sleeves,high neck,high neck,elasticated cuffs,slouchy hood,white,padded design,recycled nylon,cropped
20462135,None,long sleeves,peak lapels,None,None,None,"brown, multicolour, tie-dye pattern",None,alpaca wool-blend,oversized
19906672,straight hem,long sleeves,None,round neck,None,None,light blue,light wash,cotton blend,None
15201431,None,long sleeves,None,None,None,drawstring hood,Black,padded design,None,None
18648720,straight hem,long sleeves,high neck,high neck,None,None,black,padded,faux leather,short
18237287,None,long sleeves,classic collar,None,None,classic hood,all-over graphic print,None,None,None
17847921,None,None,None,None,None,None,Beige,knitted,wool,None
20142480,straight hem,long sleeves,notched lapels,None,None,None,black,None,virgin wool blend,None
20234080,None,long sleeves,funnel neck,funnel neck,None,None,white,fleece texture,cotton,None
20810148,cropped,long sleeves,high neck,high neck,None,None,black,ripstop texture,down-feather filling,cropped
21257477,flared,long,peak lapels,None,None,None,navy blue/gold-tone,lurex detailing,cotton blend,None
20113225,straight hem,long sleeves,peak lapels,None,None,None,black,lurex detailing,virgin wool blend,None
20044266,straight hem,long sleeves,band collar,None,None,None,black/white,None,None,None
19169179,straight hem,long sleeves,oversized pointed collar,concealed front fastening,None,None,off-white,None,"calf leather, shearling",None
17376840,None,long sleeves,notched lapels,None,None,None,Black,silver-tone hardware,leather,None
20121142,asymmetric,long sleeves,notched lapels,bustier-style neckline,corset style,None,black,None,faux leather,cropped
19948604,straight hem,long sleeves,ribbed band collar,None,cropped,None,grey,None,faux shearling,cropped
20205768,ribbed,long,baseball,None,None,None,"forest green, black",pebbled texture,leather,None
19807674,None,long sleeves,notched collar,None,None,None,fuchsia pink,None,crochet knit,None
16904695,None,long sleeves,peak lapels,None,None,None,Grey/white,"faded effect, grained texture",calf leather,None
20881764,straight hem,long sleeves,shawl lapels,None,cropped,None,light blue,faded effect,cotton,cropped
19073361,cropped,long sleeves,spread collar,None,None,None,light blue,None,denim,cropped
18538616,drawstring hem,long sleeves,None,None,elasticated waistband,drawstring hood,black,padded design,recycled nylon,None
20237805,straight hem,long sleeves,stand-up collar,None,None,None,taupe brown,brushed effect,sheepskin,None
20308301,straight hem,long sleeves,high neck,high neck,None,detachable drawstring hood,black,diamond-quilted detailing,None,None
13008132,None,three-quarter length,round neck,round neck,None,None,None,padded,feather down and cotton,None
20888685,None,long sleeves,None,high neck,None,drawstring hood,black,quilted,down-feather filling,None
19760354,drawstring hem,long sleeves,classic collar,None,drawstring waist,None,black,faded effect,cotton,None
20010144,English rear vents,long sleeves,peak lapels,None,None,None,hot pink,None,None,None
20128298,cropped,long sleeves,notched lapels,None,pin-buckle fastening,None,zen grey,silver-tone hardware,Interlock,cropped
20234075,straight hem,long sleeves,band collar,None,belted waist,None,black,"gold-tone hardware, embossed gold-tone buttons",lambskin,None
19950003,None,None,None,open front,None,None,"beige, black",monogram jacquard,virgin wool-cashmere blend,None
20314500,cropped,long sleeves,cutaway collar,double-breasted,"belt loops, detachable waist belt",None,khaki,None,wool-silk blend,cropped
19643265,None,None,notched collar,None,None,None,bubblegum pink,None,None,None
17679574,central rear vent,buttoned-cuff sleeves,notched lapels,None,None,None,Navy blue,double-knit,cotton blend,None
19184087,straight hem,long sleeves,pointed flat collar,concealed front button fastening,None,None,beige/navy blue,leather trim,cotton blend,None
19678223,cropped,long,None,None,None,drawstring,black,None,None,cropped
19389093,straight hem,long sleeves,notched lapels,None,None,None,caramel brown,glossy finish,lambskin,None
20044269,straight hem,long sleeves,shearling collar,None,None,None,"cedar brown, cream white",gold-tone hardware,None,None
20255884,elasticated hem,long sleeves,None,None,None,detachable hood,light beige,quilted finish,"chenille texture, goose down",None
20265847,None,long sleeves,stand-up collar,None,None,None,"olive green, all-over graphic print",None,lyocell,None
20486345,peplum hem,long sleeves,Peter Pan collar,None,None,None,black,crinkled finish,None,cropped
20135172,single-breasted,long sleeves,notched lapels,None,fitted waistline,None,rose pink,recycled,recycled polyester blend,None
20153394,central rear vent,long sleeves,notched lapels,None,None,None,apple green,None,cotton-wool blend,None
19812930,relaxed fit,long sleeves,classic collar,None,None,None,indigo blue,denim,cotton,None
21332390,straight hem,long sleeves,oversized pointed collar,None,None,None,"caramel brown, light beige",faux-shearling trim,faux leather,None
20134259,straight hem,long sleeves,spread collar,None,None,None,light blue,washed denim,cotton,cropped
19697160,straight hem,long sleeves,pointed flat collar,None,None,None,black,embossed gold-tone buttons,wool tweed,None
17801476,None,long sleeves,funnel neck,funnel neck,None,None,Beige,padded,cashmere,None
19620228,None,long sleeves,None,None,None,None,"ash grey, herringbone pattern","stud embellishment, silver-tone hardware",wool blend,None
17544906,straight hem,long sleeves,classic collar,None,None,None,Beige,diamond quilting,None,None
17848480,None,long sleeves,None,None,None,classic hood,black,reflective detailing,padded design,None
18310466,ribbed edge,long raglan sleeves,None,funnel neck,None,None,"hot pink, abstract pattern print",contrasting panel detail,None,None
17541689,None,long sleeves,classic collar,None,None,None,Black,None,cotton-blend,None
15886132,None,long set-in,notched lapels,None,None,None,Black,satin lining,pure new wool,None
18555155,None,sleeveless,stand-up collar,None,None,None,fuchsia pink,padded,"recycled polyamide, feather down",None
19949661,straight hem,"long sleeves, buttoned cuffs",notched lapels,None,None,None,"ivory white, navy blue","contrasting border, embossed gold-tone buttons",tweed,None
18503189,None,long sleeves,None,None,None,classic hood,navy blue,lightweight construction,None,None
19761161,None,long sleeves,peak lapels,None,adjustable strap to the rear,None,black,velvet,cotton,None
20151724,None,long sleeves,classic collar,None,None,None,black,distressed effect,denim,None
15304915,straight hem,long sleeves with buttoned cuffs,peak lapels,None,None,None,chocolate brown,satin lining,suiting fabric,None
20992177,straight hem,long sleeves,classic lapels,None,None,None,camel brown,"padded design, quilted",wool-cashmere blend,None
20649395,elasticated hem,long sleeves,None,round neck,None,None,midnight blue,water-repellent,goose down,None
19999879,drawstring hem,long sleeves,None,high neck,internal drawstring fastening waist,drawstring hood,black,None,None,None
20851207,cropped,long sleeves,long collar,None,None,None,chocolate brown,faux shearling,faux shearling,cropped
20420253,central rear vent,long sleeves,peak lapels,None,None,None,"bubblegum pink, jacquard logo motif","embossed silver-tone buttons, satin lining",virgin wool,None
18584006,None,long sleeves,None,high neck,None,None,"light pink, multicolour, bandana print",jacquard,"virgin wool, feather down",None
19620227,cropped,long sleeves,Peter Pan collar,scoop neck,None,None,black/white,None,virgin wool,cropped
20207323,None,long sleeves,notched collar,None,None,None,black,None,leather,None
20127196,straight hem,long sleeves,straight-point collar,None,None,None,black,distressed finish,stretch-cotton,None
19423150,None,long sleeves,notched lapels,None,None,None,blue/white,all-over graphic print,silk,None
19078662,None,sleeveless,press-stud fastening collar,high neck,None,None,beige,padded design,None,oversized
19073428,straight hem,long sleeves,peak lapels,None,None,None,black,None,cotton blend,None
19722253,None,long sleeves,notched collar,None,None,None,black,mesh detailing,None,None
18974086,straight hem,long sleeves,shawl lapels,concealed front fastening,None,None,cream white,None,wool blend,None
15517095,None,long set-in sleeves,satin shawl lapels,None,None,None,Black,full lining,wool twill,None
19670937,straight hem,None,classic collar,None,None,None,black,ripped detailing,cotton,None
18456063,None,long sleeves,classic collar,None,None,None,beige,diamond quilting,None,cropped
20836166,None,long sleeves,None,high neck,None,None,navy blue,quilted,"cotton blend, feather down",None
19080223,None,long sleeves,None,funnel neck,None,None,"white, bandana print",padded design,feather down,None
19126950,None,None,None,high neck,None,None,black,padded design,goose down,None
20278889,None,long sleeves,None,None,None,detachable hood,black,"padded design, quilted",feather down,long
19434727,straight hem,long sleeves,classic collar,None,fitted waistline,None,black,"gathered detailing, floral appliqué","cotton, denim",None
15501195,None,long sleeves,None,None,None,None,Black,None,lambskin leather,None
20185903,straight hem,long sleeves,classic collar,None,waist tabs,None,light blue,"light wash, faded effect","stretch-cotton, denim",None
19657773,None,long sleeves,notched lapels,None,tie-front,None,black,None,None,None
20887989,None,long sleeves,None,funnel neck,None,detachable hood,sky blue,"padded design, quilted",goose down,None
19908430,straight hem,long sleeves,classic collar,None,belted waist,None,coffee brown,high-shine finish,vinyl,cropped
18507979,None,long sleeves,None,None,None,classic hood,black,padded,down-feather filling,None
19761156,straight,long,crew,crew,cropped,None,beige,tweed,"cotton, wool blend",cropped
19005096,cropped,detachable sleeves,high neck,high neck,None,None,"black, monogram print","silver-tone hardware, elasticated toggle detailing","recycled nylon, feather down",cropped
17057062,None,long,collarless,None,front tie fastening,None,Black,slit detailing,None,None
19738100,None,long sleeves,notched collar,None,None,None,black,None,cotton blend,None
20735907,straight hem,sleeveless,None,None,None,drawstring hood,moss green,padded design,None,None
19813594,elasticated hem,elasticated cuffs,None,None,None,classic hood,multicolour,hand-dyed,cotton,None
20604348,straight hem,long sleeves,None,None,None,detachable hood,white,quilted,down-feather filling,None
20367907,straight hem,sleeveless,notched lapels,None,D-ring buckle belt,None,cerulean blue,None,None,None
19825671,cropped,long sleeves,wide notch lapels,None,None,None,"beige, check pattern",None,organic cotton blend,cropped
19516340,straight hem,long sleeves,pointed flat collar,None,None,None,ivory white,embossed gold-tone buttons,cotton blend,None
20016179,cropped,long sleeves,straight-point collar,None,None,None,"indigo blue, rust brown",faded effect,"cotton, recycled polyester blend",None
18713896,straight hem,long sleeves,funnel neck,funnel neck,None,None,silver,quilted,"duck feather, recycled polyamide",short
19667598,straight hem,long sleeves,None,funnel neck,None,classic hood,white,None,down-feather filling,None
20525822,straight hem,long sleeves,notched lapels,None,None,None,"brown, ivory white, check print",distressed effect,virgin wool,None
19910045,straight hem,"long sleeves, buttoned cuffs",peak lapels,None,None,None,black,None,virgin wool,None
19908618,straight hem,long sleeves,None,high neck,None,None,geometric-pattern print,stripe trim,recycled polyester blend,None
17538432,None,None,classic collar,None,None,None,Blue,diamond-quilted thermoregulated,recycled polyester,None
18778933,central rear vent,long sleeves,notched lapels,None,None,None,"blue, all-over snakeskin print",None,cotton,None
19240525,None,long sleeves,notched lapels,None,None,None,polka-dot print silk blazer,twill weave,silk,None
18349887,None,long sleeves,notched lapels,None,None,None,black,full lining,wool,None
20159966,straight hem,long sleeves,shearling collar,None,None,None,brown,None,sheepskin,None
19225318,straight hem,buttoned-cuff sleeves,classic collar,None,None,None,sky blue,silver-tone hardware,None,None
20242730,curved,long,None,None,None,drawstring,black,"quilted, waterproof",down-feather filling,None
20968414,high-low hem,long sleeves,None,funnel neck,None,drawstring hood,black,quilted,feather down,cropped
20814010,None,long sleeves,None,round neck,None,None,"white, navy blue, vertical stripe pattern","gold-tone, metallic threading",tweed,None
20046839,American rear vent,long sleeves,peak lapels,None,None,None,light beige,corduroy,corduroy,None
19317504,cropped,long sleeves,notched lapels,front tie fastening,None,None,white,smocked texture,stretch-cotton,cropped
20159968,straight hem,long sleeves,None,funnel neck,None,None,white/black,shearling trim,"recycled polyester, lambskin",None
20265123,elasticated hem,long sleeves,None,high neck,None,None,camouflage pattern,full jacquard,"cotton, duck down",None
20848502,straight hem,long sleeves,None,None,None,drawstring hood,sky blue,padded design,feather down,None
17385577,straight hem,long sleeves,notched collar,None,None,None,Brown,distressed effect,leather,None
20044167,cropped,long sleeves,notched lapels,None,None,None,black,None,wool blend,cropped
19322217,ribbed,None,band,None,None,None,black/white,None,virgin wool blend,None
20066466,central rear vent,long sleeves,peak lapels,None,None,None,pink,satin lining,virgin wool,None
19391161,cropped,long sleeves,open front,open front,None,None,white,satin-finish,None,cropped
20944029,straight hem,long sleeves,peak lapels,None,detachable belt,None,beige,full lining,recycled polyester blend,None
20232888,straight hem,long sleeves,spread collar,None,None,None,"archive beige, Vintage Check pattern",None,cotton,cropped
20525815,straight hem,long sleeves,notched collar,None,None,None,indigo blue,crystal embellishment,cotton,cropped
20187219,None,long sleeves,None,funnel neck,None,None,white,None,down-feather filling,None
20239000,None,long sleeves,peak lapels,None,None,None,None,None,wool,None
21268753,None,"long sleeves, fitted-cuff sleeves",stand-up collar,None,None,None,silver-tone,"metallic finish, patent finish",feather down,None
18848385,curved hem,long raglan sleeves,high neck,high neck,None,None,black,coated finish,cotton,None
20855045,straight hem,long sleeves,stand-up collar,drawstring neck,None,hooded,beige,velour,down-feather filling,None
19030939,ribbed hem,long sleeves,None,None,None,drawstring hood,multicolour,fleece texture,wool blend,None
20177890,asymmetric,"extra-long sleeves, long raglan sleeves",funnel neck,funnel neck,None,None,black,None,None,None
19557517,straight hem,long sleeves,None,funnel neck,None,None,"['forest green', 'grass green', 'light beige', 'palm tree print']",fleece texture,fleece,None
20250236,straight hem,long sleeves,None,None,None,drawstring hood,blue-grey,padded design,None,None
20159967,straight hem,long sleeves,shearling collar,off-centre front,None,None,beige,shearling-trim,suede,None
20046809,straight hem,long sleeves,classic collar,None,None,None,jade green,faux shearling,None,None
20010025,English rear vents,long sleeves,peak lapels,None,fitted waistline,None,ivory white,brooch detail,None,None
20383772,straight hem,contrasting-fabric sleeves,stand-up collar,None,None,None,navy blue,"padded design, quilted","virgin wool, feather down",None
19173319,scallop edge,None,collarless,None,None,None,bright green,floral-lace detailing,cotton blend,None
18942470,elasticated hem,long sleeves,classic collar,None,None,None,"cardinal red, blood red, check pattern",None,cashmere,None
18728109,straight hem,long sleeves,None,round neck,None,None,cream white,faux fur,faux fur,None
18833559,None,long sleeves,None,round neck,None,None,black,None,"wool, feather down",None
19760371,None,long sleeves,None,None,None,None,"white, cream white",None,"shearling, calf leather",None
20176808,straight hem,long sleeves,notched lapels,None,None,None,cedar brown,cut-out detailing,wool blend,None
20245468,straight hem,"long sleeves, buttoned-cuff sleeves",wide peak lapels,None,None,None,raspberry pink,None,wool,None
20161070,cropped,long sleeves,None,concealed front zip fastening,None,None,black,quilted,recycled polyester,short
19786260,drawstring hem,elasticated cuffs,None,None,None,drawstring hood,"ash grey, all-over graphic print",padded design,None,None
19908306,straight hem,long sleeves,classic collar,None,None,None,brown,faux leather,recycled polyester,None
19756640,ribbed,long,ribbed band,None,None,None,black,None,None,None
20204691,None,long sleeves,notched lapels,None,None,None,"aqua blue, white/black",None,cotton blend,None
20994315,straight hem,long sleeves,None,None,None,classic hood,Vintage Check pattern,fleece texture,wool blend,None
18801051,None,sleeveless,None,None,None,classic hood,jet black,padded design,down-feather filling,None
19350541,straight hem,long wide sleeves,None,V-neck,None,None,black,None,wool-silk blend,None
20153115,straight hem,long sleeves,None,high neck,None,None,black,patent finish,vinyl,None
14905965,straight hem,long sleeves,classic collar,None,None,None,"Blue, all-over logo print, diagonal stripe print",tonal stitching,cotton,None
21418037,straight hem,long sleeves,None,round neck,None,None,light beige,None,faux shearling,None
19812946,None,long sleeves,pointed flat collar,None,None,None,black,contrast stitching,cotton blend,None
20850285,straight hem,long sleeves,None,funnel neck,None,None,black,padded design,duck down,None
18646433,None,long sleeves,None,None,None,classic hood,cream white,shearling trim,wool,None
19828448,straight hem,long sleeves,None,funnel neck,None,None,cream white,water-repellent,down-feather filling,None
16172062,straight hem,long sleeves,None,high neck,None,classic hood,Black,padded design,feather down,None
18811434,straight hem,long sleeves,None,high neck,drawstring waist,None,black,reflective effect,recycled PET,above-knee length
20527202,cropped,long sleeves,shawl lapels,plunging V-neck,None,None,black,crystal embellishment,virgin wool,cropped
19382809,cropped,long sleeves,peak lapels,None,None,None,black,None,wool,cropped
18329674,None,long sleeves,None,None,drawstring waist,None,black,padded design,feather down,None
20112928,straight hem,long sleeves,peak lapels,None,None,None,blue,None,cotton,None
20870276,checked lining,long sleeves,None,None,None,slouchy hood,cream white,fleece texture,wool-cashmere blend,None
19312307,cropped,long sleeves,press-stud fastening collar,None,belted waist,None,brown,raised logo detail,faux leather,cropped
20133404,straight hem,long sleeves,classic collar,None,None,None,black,None,recycled polyester blend,None
17671957,None,contrasting-fabric sleeves,None,None,None,None,Black,None,feather down,None
19423204,None,long sleeves,None,None,None,None,light grey,reversible,virgin wool,None
20044272,straight hem,long sleeves,stand-up collar,None,None,None,chocolate brown,gold-tone hardware,None,cropped
19908391,None,long sleeves,stand-up collar,V-neck,None,None,ecru,brushed finish,cotton,None
20191206,None,long sleeves,None,funnel neck,belted waist,None,black,None,cotton,None
20513436,None,long sleeves,None,funnel neck,None,None,jet black,None,goose down,None
21256949,cropped,long sleeves,None,round neck,None,None,gold-tone,lurex detailing,tweed,cropped
19906869,curved,long,classic,None,None,None,charcoal grey,contrast stitching,wool blend,None
20838306,cropped,long sleeves,notched lapels,None,belted,None,black,gold-tone hardware,sheepskin,cropped
18436272,elasticated hem,long sleeves,None,None,None,classic hood,black,padded design,None,None
19137140,straight hem,long sleeves,None,None,None,classic hood,black,None,cotton,None
20113253,straight hem,long sleeves,collarless,None,None,None,black/grey,frayed trims,tweed,None
19005103,cropped,"detachable sleeves, long sleeves",high neck,high neck,None,slouchy hood,black,padded design,recycled nylon,cropped
20768652,straight hem,long sleeves,None,high neck,None,None,black,velvet effect,down-feather filling,None
